Kode redeem;Status In;Status out
05CHJMI1;☑;
09QU2ZHU;☑;✅
0AZ0047H;☑;
0BJO4YJU;☑;
0BLKV9RC;☑;
0CZVSBAD;☑;
0DAIKFUE;☑;
0E83Z3N7;☑;
0ERT9CSP;☑;
0FN1Q5K5;☑;
0IDAWXM1;☑;
0K366GB4;☑;
0K9H03YQ;☑;
0M48YC6C;☑;
0MP82BZO;☑;
0OQZWIEH;☑;
0OSU1CEL;☑;
0UM32RFY;☑;
0V5PUB6T;☑;
0W1TH7VR;☑;
0WK596LC;☑;
0WVD9HAC;☑;
0X92E89N;☑;
11K2LBIS;☑;
12QDY0YS;☑;
133E9PT0;☑;
15ZWS3LA;☑;
17YE2274;☑;
19JJU1MF;☑;
1BN5YUZH;☑;
1CQ989JM;☑;
1CQKABXD;☑;
1DUZ478R;☑;
1DXE0Q3W;☑;
1G30VJHI;☑;
1GS5VTNI;☑;
1JBZW3XM;☑;
1JTSDOAP;☑;
1O6XMKZW;☑;
1OI6WTGC;☑;
1T9EC7GA;☑;
1UMKCOM2;☑;
1X8ZIV88;☑;
21KAUHWR;☑;
22236ELG;☑;
228G83TN;☑;
22T8SR7H;☑;
23HRN8FK;☑;
23LJKVWX;☑;
242MLEPC;☑;
246DQMD9;☑;
24GXVCQA;☑;
24P6JU2Y;☑;
24TZPD3P;☑;
24YHBEED;☑;
2528ACY4;☑;
256VGLBQ;☑;
259BZCYQ;☑;
25Q35SD9;☑;
25QDTPEV;☑;
25QNEB94;☑;
25VMHCCZ;☑;
25YA7YCX;☑;
269D345T;☑;
26CXS7Y5;☑;
26F6FT97;☑;
26YT3CUX;☑;
27CQ1MDL;☑;
27FYVYE7;☑;
28F547B5;☑;
28VNQSLR;☑;
28VQBY6E;☑;
295KRBUG;☑;
29BX6YDP;☑;
29D3G4JY;☑;
29ERH73E;☑;
29GTWF2J;☑;
2AUK6WZA;☑;
2BAMPX4C;☑;
2BJY9C9C;☑;
2BT3HTAX;☑;
2BUR9UEL;☑;
2CEM2BCS;☑;
2CHLAH3S;☑;
2CQE5F3P;☑;
2CT3MJTY;☑;
2CUWGVJ7;☑;
2D2S6WVB;☑;
2D5U6PVL;☑;
2DATBZHV;☑;
2DEZPUEQ;☑;
2DPYB2J4;☑;
2DQ6HLTM;☑;
2DQZ6NT5;☑;
2E4GLUGJ;☑;
2E6562R9;☑;
2EGVKKGW;☑;
2ELV2GRY;☑;
2F89D4C5;☑;
2FBW76JT;☑;
2FH53X4V;☑;
2FJKDGXW;☑;
2G7JCQTH;☑;
2GLNLAT2;☑;
2GP9S8R4;☑;
2GRN9PSV;☑;
2H6QSQ9W;☑;
2H9V26RY;☑;
2HBN4JH3;☑;
2HETSWRN;☑;
2HP7MCZJ;☑;
2HQQNMMK;☑;
2HT9XFVL;☑;
2HUTX84W;☑;
2HYL2LHJ;☑;
2I3LSD4W;☑;
2J7227RZ;☑;
2JCK68EC;☑;
2JP42X3T;☑;
2JQJJN8A;☑;
2K2ZJVUP;☑;
2K4V0XGT;☑;
2K6WMWBQ;☑;
2K8PE4XA;☑;
2KFMJRPC;☑;
2KYF9M9Z;☑;
2LAGFBR9;☑;
2LJ8574W;☑;
2LMHDQPE;☑;
2LP3M73B;☑;
2LX68R2P;☑;
2LXBTYPY;☑;
2MBEUK5Y;☑;
2MWR3TRC;☑;
2MY2Q7VP;☑;
2N3RC389;☑;
2N7MBZ9S;☑;
2NDEHJ26;☑;
2NEUPFQT;☑;
2NL6D666;☑;
2OY1IFPJ;☑;
2PNKRE5J;☑;
2PUM6YA2;☑;
2PVQQFFJ;☑;
2RLBAKGB;☑;
2RMGMBAC;☑;
2RTJEPXL;☑;
2RVTS6MY;☑;
2SCKU4GZ;☑;
2SRW8JDQ;☑;
2SX5C1YF;☑;
2SZ26Y8M;☑;
2TFDVQTF;☑;
2THGGCX4;☑;
2TLC44WN;☑;
2UDMYKKE;☑;
2ULXFP64;☑;
2UMGXH3W;☑;
2UVC4BB3;☑;
2UWEWLWZ;☑;
2UZSKAV5;☑;
2V18XX1V;☑;
2VQWE99N;☑;
2VSQCF4S;☑;
2VVRL2IF;☑;
2VY4S4ML;☑;
2W5LQ27J;☑;
2W6VQBHL;☑;
2W9JCVQR;☑;
2WF7JT8T;☑;
2WGW4MTT;☑;
2WQBQEJJ;☑;
2WT8L2WF;☑;
2WVBRCIJ;☑;
2WY4URG8;☑;
2X22XDQT;☑;
2X48KVNW;☑;
2XHH9BMW;☑;
2XU5HJZ8;☑;
2Y4FB9SU;☑;
2Y522IG6;☑;
2Y6ST9XP;☑;
2Y77R4CP;☑;
2YGYHRHP;☑;
2YM6DY64;☑;
2YV5X8AJ;☑;
2Z2FVZWO;☑;
2Z4LR9S9;☑;
2Z7NS3SY;☑;
2ZNQPV95;☑;
30EPX1HT;☑;
31PRE6G2;☑;
32MWBLUJ;☑;
32PBZVC7;☑;
32PFXXJX;☑;
32PQNAV0;☑;
33E5Z7L3;☑;
33FC4VSZ;☑;
33T7BAWX;☑;
33TM5RX2;☑;
34F5WF4C;☑;
34NUHE6B;☑;
34TR6XQV;☑;
34V2VQGR;☑;
352J3Y8D;☑;
35FJBFVF;☑;
35SWETAC;☑;
379937UU;☑;
37BY9B2R;☑;
37DHXYE5;☑;
37K87TW2;☑;
37RGB8WV;☑;
3836Z9UW;☑;
38F4NJLD;☑;
38MFVBCM;☑;
38VJ8ZLC;☑;
397FHNLM;☑;
39AQ45G9;☑;
3A5V6ZG2;☑;
3AVA3T0R;☑;
3B4D2XDE;☑;
3B5SH6SV;☑;
3BKEZVAH;☑;
3BKJZM9J;☑;
3BN28TT1;☑;
3BQFPBYP;☑;
3C7G6HM8;☑;
3D3HANZW;☑;
3D9RE3WT;☑;
3DG424JV;☑;
3DL4GZLZ;☑;
3DWBVL5Q;☑;
3E89ECPY;☑;
3EEA4LK4;☑;
3EZYTSG6;☑;
3F3W2W8H;☑;
3F44DR2E;☑;
3FD8E6BM;☑;
3FE8X65G;☑;
3FEAXTSM;☑;
3FMBS38Y;☑;
3FR3L3AE;☑;
3FSDGHGF;☑;
3G4239EH;☑;
3GJNZQTY;☑;
3GUJXCMN;☑;
3H2DCT47;☑;
3H2T5M7A;☑;
3H3QYGKC;☑;
3H7NWYFF;☑;
3HDZAPKN;☑;
3HEECJ2T;☑;
3HGX44V5;☑;
3HMBF37Y;☑;
3IE83LDW;☑;
3J3NCPT6;☑;
3J66Y63Z;☑;
3J97HZXV;☑;
3JCLBR97;☑;
3JEVWWE4;☑;
3JF54GX5;☑;
3KBEDPBM;☑;
3KC4Q3RE;☑;
3KFAZK5S;☑;
3KMH2PT9;☑;
3KN78ELS;☑;
3KSLJDVG;☑;
3LB7QYZG;☑;
3LD7TY8R;☑;
3LEAH9EY;☑;
3LHS7377;☑;
3LLB3R3P;☑;
3LTS5XES;☑;
3M3Z4X9U;☑;
3MB7R664;☑;
3NF4MCD8;☑;
3NGUXWK5;☑;
3NHMQR5Q;☑;
3OH8WLWQ;☑;
3OMKRSRB;☑;
3P3W7YRX;☑;
3P57RKHS;☑;
3PEVGHHP;☑;
3PFO5470;☑;
3PTA89YM;☑;
3Q2TXK6F;☑;
3Q6WQMTS;☑;
3Q9V5BKB;☑;
3QJAMAAA;☑;
3QKUKJLD;☑;
3QL25TE8;☑;
3QLSPFPX;☑;
3QMWWEWT;☑;
3QNLZ732;☑;
3QOO9PB2;☑;
3QUCLMVK;☑;
3QYM4P2Q;☑;
3RJA0XZO;☑;
3RMP5FFK;☑;
3SASFYZM;☑;
3SBLEQ3T;☑;
3SMW7BJV;☑;
3SS25HD7;☑;
3ST5BX2X;☑;
3T34ATMJ;☑;
3TMHRCVJ;☑;
3TR6G4UD;☑;
3TXRXVM2;☑;
3U43FWNV;☑;
3U67UHTG;☑;
3UB5DV4L;☑;
3UDT9FP8;☑;
3UFCM0MR;☑;
3UP7DLU9;☑;
3UW3AHTD;☑;
3V4GNEN6;☑;
3V95LA3L;☑;
3VBQ6VVE;☑;
3VBYLH3V;☑;
3W2AEG69;☑;
3W4X95E7;☑;
3W56ZU5M;☑;
3W8JVPFH;☑;
3W9T43BK;☑;
3WEORTEU;☑;
3X38WDJZ;☑;
3X4426AF;☑;
3X4ZRKY9;☑;
3X9F7PE9;☑;
3XFKTS18;☑;
3XQ1IMS4;☑;
3XS8GJ5Q;☑;
3XTJQ53T;☑;
3XVCZKCK;☑;
3Y55J3FD;☑;
3Y5RY9PF;☑;
3YCEBP35;☑;
3YDP4NV9;☑;
3YFHVCMG;☑;
3YFLQ2UF;☑;
3YKDNUW7;☑;
3YYHYL4W;☑;
3Z6HJMJ7;☑;
3ZF5LFG7;☑;
3ZS07P4V;☑;
40B1H3U2;☑;
41GR5C1H;☑;
4258GPVJ;☑;
427H9PVL;☑;
42VZ29NQ;☑;
434TFEYV;☑;
436TXVMJ;☑;
43HYST69;☑;
43MZUF3N;☑;
43NBFXR8;☑;
43T222H4;☑;
44EHM7LZ;☑;
453FSXU4;☑;
457KPCDP;☑;
458TNJ4G;☑;
45DQG9JV;☑;
45QNNLXU;☑;
45VUTF8K;☑;
45YTZ89W;☑;
4644XDTZ;☑;
465FGS7X;☑;
46AGRJNQ;☑;
46AP5639;☑;
46MY7ABZ;☑;
46NFKDSY;☑;
4725FC4Q;☑;
474SVWYV;☑;
475CGFYT;☑;
4776F7PW;☑;
47MVE1SE;☑;
47Q7982Z;☑;
47SLUULQ;☑;
48CZZNJX;☑;
48K05T2R;☑;
48TSHUK5;☑;
48TX5WCC;☑;
48U8CQBW;☑;
48WVWF6G;☑;
48XYAP0X;☑;
48YPWVPZ;☑;
49HQ79VV;☑;
49ZKPZ7M;☑;
4AA6CSWJ;☑;
4AAQ6DKU;☑;
4AED7DKB;☑;
4B25BVDM;☑;
4C12NBZR;☑;
4CAHSDRW;☑;
4CFPM78G;☑;
4DEZ8S5V;☑;
4DV4AXDS;☑;
4DVALD8J;☑;
4E3AHDRH;☑;
4EGHY494;☑;
4ENWQK1E;☑;
4EPYQVYP;☑;
4EY7YREE;☑;
4FX3VPUL;☑;
4G8LMUN5;☑;
4GKAA7A9;☑;
4GM6JV7U;☑;
4GRT6XWP;☑;
4GUJLG7S;☑;
4GXY7ERP;☑;
4GZZ7HFK;☑;
4H7GPX22;☑;
4HD4Z3FR;☑;
4HEQ5L7W;☑;
4HKKLTGQ;☑;
4HTQQKGC;☑;
4JKJFFE3;☑;
4K7DGTU2;☑;
4KAU19IZ;☑;
4KJA151N;☑;
4KQY4XVT;☑;
4L725QU6;☑;
4L92VWCA;☑;
4LJRC5KX;☑;
4LMMW3Z3;☑;
4M5Q7Z9Y;☑;
4MESJGZJ;☑;
4MR92UUN;☑;
4MWAUSU4;☑;
4MXSH96N;☑;
4N9LHAWR;☑;
4NA4RTJS;☑;
4NDTS4GF;☑;
4O2VLRJX;☑;
4OME23GS;☑;
4P9Q6J67;☑;
4PU57C5T;☑;
4PWLCDU8;☑;
4Q22VC6P;☑;
4QM9Y5B6;☑;
4RB5ILOY;☑;
4RFJEGZJ;☑;
4RLFX6T6;☑;
4RQANKK8;☑;
4SCMYUGL;☑;
4SI1D68G;☑;
4SL9CTM6;☑;
4SMTYX68;☑;
4SXWY96U;☑;
4TDM8PQ4;☑;
4TEMD72X;☑;
4TQC74ZT;☑;
4TYZHCME;☑;
4TZJU4YA;☑;
4U2FJZ8I;☑;
4U2UNQXX;☑;
4U47SF3W;☑;
4U7WD4SB;☑;
4UEL5G5S;☑;
4UF62L8S;☑;
4US2Y7XP;☑;
4UVT2BC5;☑;
4UZYAZH6;☑;
4V8S4EMX;☑;
4VKNY284;☑;
4VV8X6QG;☑;
4VY4L46S;☑;
4W6P4QW9;☑;
4WCKPRGL;☑;
4WET47XH;☑;
4WG4NPY9;☑;
4WMYUSI6;☑;
4WQC9ET6;☑;
4X9PSBW7;☑;
4XGH22WA;☑;
4XJGHPR9;☑;
4XLDXGUD;☑;
4Y4JG6XF;☑;
4Y5ZSAV2;☑;
4Y9BXJND;☑;
4YCCFIX9;☑;
4YJP62FS;☑;
4YZQJY87;☑;
4Z1M0TNF;☑;
4ZAKUJJC;☑;
4ZGHTPM2;☑;
4ZLMVTQQ;☑;
4ZY8FFHS;☑;
50TL41VN;☑;
50V6LAWE;☑;
525LQD4H;☑;
528LXGJ8;☑;
52BJA742;☑;
52CK7FQJ;☑;
52HT8R9U;☑;
5383K6U2;☑;
53FEN8C1;☑;
53S6B2VS;☑;
53UZBHGN;☑;
5420MWK6;☑;
542LMU61;☑;
547KZGZD;☑;
54D2YKBJ;☑;
54ZJ4RPM;☑;
55RNDVI4;☑;
55VL7EJC;☑;
562JB73J;☑;
569FRUVX;☑;
56BK4RRQ;☑;
56L52P7G;☑;
56MKNPC4;☑;
56UWT77Z;☑;
5768W2U9;☑;
576997MP;☑;
57W7LKTW;☑;
581IP78N;☑;
581MUX2B;☑;
58FHFZ3B;☑;
58LCGCEH;☑;
58N5UXIB;☑;
593SUU9A;☑;
5996I82I;☑;
59B2Z9TX;☑;
59D6E7LZ;☑;
59GY2K9U;☑;
5ALX7TS8;☑;
5ARNTNCA;☑;
5B6FWDMX;☑;
5B6ZU5TO;☑;
5BFHABR7;☑;
5BHZBQAT;☑;
5BJHBBFB;☑;
5BKJSJEC;☑;
5BPDLJQC;☑;
5C33A2N5;☑;
5C3GVPA4;☑;
5C3SD6W8;☑;
5CRZMA9B;☑;
5CY6P7HV;☑;
5D2AVWF9;☑;
5DCBNMER;☑;
5DEZUHX2;☑;
5E9HF6HQ;☑;
5EBYBRQW;☑;
5EKYWBBR;☑;
5EVHNFLJ;☑;
5FANTW4A;☑;
5FB89E4D;☑;
5FD2WZCR;☑;
5FJC7VEY;☑;
5FVJYRYC;☑;
5H63C5X6;☑;
5H6ZSFSJ;☑;
5HCX8TE2;☑;
5HD6K7AU;☑;
5HDV3OBN;☑;
5HF7SG2S;☑;
5HHJ6TNT;☑;
5HRGPXMN;☑;
5HZQ7V3T;☑;
5J47NDUJ;☑;
5J9SPXKG;☑;
5J9V5LDM;☑;
5JCC5LWB;☑;
5JKE4HN8;☑;
5JQE42Q3;☑;
5JQEGGPN;☑;
5K7G5P9P;☑;
5KEGTRZC;☑;
5KQVME96;☑;
5L2XYQFG;☑;
5L4R5NXA;☑;
5LG3E54G;☑;
5LGXIVF6;☑;
5LSL32ED;☑;
5LWLF3XZ;☑;
5M2LLET2;☑;
5M923TRZ;☑;
5MRVKQF3;☑;
5N3K8ZN8;☑;
5NKWLXEC;☑;
5NMPVHJF;☑;
5NZJMFMY;☑;
5P9FMBLP;☑;
5PEA8F3R;☑;
5PHK9CFV;☑;
5PNWH7NH;☑;
5PRP2JCZ;☑;
5PYBFJKS;☑;
5QEHTHNS;☑;
5QGSPKHD;☑;
5QHLVXDK;☑;
5QK5M6VD;☑;
5RARCFRH;☑;
5RGNX9KW;☑;
5RKAYYM3;☑;
5RQXZW9B;☑;
5RWXZ99L;☑;
5RX4TZ92;☑;
5S1HQ041;☑;
5S5L8AUV;☑;
5S8MO86U;☑;
5SJ9XUZZ;☑;
5SJWESD7;☑;
5SZKD7SF;☑;
5T32V2K6;☑;
5T3KJGCJ;☑;
5T6BPUCP;☑;
5TB4UWQD;☑;
5TDEYWTC;☑;
5TH3FKHD;☑;
5TNVGUJC;☑;
5TZWUKVY;☑;
5U6NA643;☑;
5UD8638U;☑;
5UD8UTHW;☑;
5UETY7ST;☑;
5UFC7U6L;☑;
5UJVR2EQ;☑;
5V62RPH7;☑;
5V6VQSDR;☑;
5VCKK7DE;☑;
5VTSHNM7;☑;
5W2ETD5V;☑;
5W92JRHY;☑;
5WKLHLJ2;☑;
5WMGEMV3;☑;
5WYXJD4Z;☑;
5X7P2WUZ;☑;
5X82876L;☑;
5XDZ4WWA;☑;
5XED5MQB;☑;
5XN6XY89;☑;
5XWDHKWH;☑;
5Y2MX5JU;☑;
5YKW6JAP;☑;
5YLXRSU7;☑;
5YQJRK4U;☑;
5Z6ZGDJR;☑;
5ZQQSD25;☑;
60UG9J2E;☑;
61BL3FM9;☑;
61ILOLP1;☑;
61U645BD;☑;
622NTQR8;☑;
625PGVM2;☑;
628GXA9F;☑;
62AEDSCM;☑;
62BW4BZK;☑;
62P5XSB2;☑;
62PL67H8;☑;
62WLE5K6;☑;
633HZLRE;☑;
634LH967;☑;
63R3PZBR;☑;
63U429QJ;☑;
64UJFLQJ;☑;
655SBPCV;☑;
65GQTXRY;☑;
65HRQGBL;☑;
65PJ8E95;☑;
65V4HZAF;☑;
65Y3XGBD;☑;
66278MSK;☑;
6628R437;☑;
665JVU6X;☑;
665LE7PA;☑;
66AT36BJ;☑;
66F89RUP;☑;
66LJ4DJ7;☑;
66MCR4GJ;☑;
66XFRJ22;☑;
6758REN7;☑;
675Z3322;☑;
67BK97TZ;☑;
67FTC89L;☑;
67LBDN43;☑;
67NMXGHQ;☑;
686J48DJ;☑;
68EZZTRG;☑;
68HG2JYR;☑;
68PHJGO6;☑;
68RX8JNK;☑;
6976X44N;☑;
6977DZBV;☑;
69795DZ5;☑;
698R9R2H;☑;
69CCXPX8;☑;
69FMWB42;☑;
69GH3L7B;☑;
69HXAVDN;☑;
69KHYWHC;☑;
69MQF5JG;☑;
69QE3J8C;☑;
6A232RGV;☑;
6A4SMUWV;☑;
6AN3SZ3V;☑;
6AUS4KDR;☑;
6B3R92LV;☑;
6BBSNN3U;☑;
6BEYPJVV;☑;
6C3KDX2G;☑;
6C86TT3P;☑;
6CT39P3Q;☑;
6D3TLUXZ;☑;
6D736TZN;☑;
6DCUMAG7;☑;
6DE65RTT;☑;
6DEH4V5K;☑;
6DK4954D;☑;
6DKPD3C5;☑;
6DNYUDHD;☑;
6DQDNT5S;☑;
6DRNT24L;☑;
6DRXSZQY;☑;
6DWP32R9;☑;
6DWSBEGZ;☑;
6DYAGJJX;☑;
6EDURD8Q;☑;
6EGVI23P;☑;
6EJE9M9R;☑;
6EWY1JTX;☑;
6F5ARDAM;☑;
6F5T5TT6;☑;
6FK9J4QG;☑;
6G2PXJQC;☑;
6GBP8VHR;☑;
6GF8BFQN;☑;
6GL39BXC;☑;
6H367L96;☑;
6H3BWQAC;☑;
6H8YLPBR;☑;
6H92AVHE;☑;
6HKNH7UD;☑;
6HKQCWBA;☑;
6HS79W3D;☑;
6HSMDR1B;☑;
6HWMLSNM;☑;
6HWVS6BM;☑;
6HYZNBHX;☑;
6JJMFJLP;☑;
6JPG03H3;☑;
6JQHLY9N;☑;
6JXVUCK2;☑;
6K67L5ZL;☑;
6KG3Q4LA;☑;
6KJ9V274;☑;
6L8N9YW5;☑;
6LAYYAWK;☑;
6LCEQF43;☑;
6LPTU92J;☑;
6LVDY3VK;☑;
6LZTDC8Y;☑;
6M2L5VRU;☑;
6M8S6TZK;☑;
6MGMNXXY;☑;
6MJBIUKF;☑;
6MN5S4A5;☑;
6MPQQ99V;☑;
6MUA4NW4;☑;
6MX2LXC3;☑;
6MZA99M5;☑;
6N7ZTZ94;☑;
6N8IRCOE;☑;
6N99APU7;☑;
6NAJVKGF;☑;
6NBRFJ9N;☑;
6NELJWPE;☑;
6NRKBNEJ;☑;
6P7JNSSD;☑;
6PAHD9QT;☑;
6PPRGSHY;☑;
6Q3B4Y2B;☑;
6Q5N7A7S;☑;
6Q9D4PDL;☑;
6QBMUYML;☑;
6QCW3HUU;☑;
6QGQJQRG;☑;
6QY6YC3G;☑;
6SQBPL5R;☑;
6SQJ3U7T;☑;
6SUND64G;☑;
6SUTYGM5;☑;
6SW22YS1;☑;
6SXV7C2W;☑;
6T5D754M;☑;
6T67UFML;☑;
6TAMR7V3;☑;
6TM3UW63;☑;
6TPVWTTM;☑;
6TQD4QYL;☑;
6TXEZGYB;☑;
6U5XAT8Y;☑;
6UCD4GBT;☑;
6UDHW9RM;☑;
6UF8AR4Z;☑;
6UHD3K2C;☑;
6ULTSS74;☑;
6UNDS8E8;☑;
6V8KAENU;☑;
6VB94CHG;☑;
6VC9ZHNQ;☑;
6VE7L09B;☑;
6VMEHSXU;☑;
6VZRPFZZ;☑;
6WGEFA9L;☑;
6WHNMWHK;☑;
6X9LLU99;☑;
6XBS2KVT;☑;
6XYB8EW5;☑;
6Y4Q596A;☑;
6YAVCXOV;☑;
6YCJKWDG;☑;
6YEGY363;☑;
6YSUUASV;☑;
6ZL2TR1X;☑;
6ZP3GAT3;☑;
6ZPJAW4D;☑;
6ZQK4VQR;☑;
6ZV5ZRRM;☑;
71502HB7;☑;
71F0USJ4;☑;
72BKKXP8;☑;
72S94CQ5;☑;
7308LP5U;☑;
73BLE5TH;☑;
73GTNF39;☑;
73GZL8PM;☑;
73KXLFLJ;☑;
73L3DDAL;☑;
73MVN2LB;☑;
7432L4N4;☑;
74E6F7GC;☑;
74ELLHNX;☑;
75JC372C;☑;
75L7YZBA;☑;
7633U5AC;☑;
764Z6XTQ;☑;
76F5Y3PN;☑;
76KSJYSJ;☑;
76M7ZC4P;☑;
76RVBFDT;☑;
771AEW3X;☑;
77BSKKXQ;☑;
78DGTEEH;☑;
78JEFDLG;☑;
78NEBVS4;☑;
78XZEYEL;☑;
795Q3B62;☑;
796348VL;☑;
79PYUS25;☑;
79XTSQPD;☑;
7A4HU3R2;☑;
7BG5ULNM;☑;
7BHUVQFW;☑;
7BQU5B5K;☑;
7BSF68HT;☑;
7BTMPQGJ;☑;
7BXKKHCF;☑;
7CX3ZI9V;☑;
7D2JK3YZ;☑;
7D2XWXY6;☑;
7D8G6MGT;☑;
7DQK669Y;☑;
7DRBFFMW;☑;
7E78EX28;☑;
7EGCPRB4;☑;
7EL4KR77;☑;
7F6YMF3P;☑;
7F7N8ZAQ;☑;
7FEVNARU;☑;
7FNBFV7M;☑;
7FWHJL6B;☑;
7GFZ6LYR;☑;
7GP2F3SQ;☑;
7GQFIVXV;☑;
7GQXPLGS;☑;
7GXJXWXZ;☑;
7HHUUV2W;☑;
7HMEK68Z;☑;
7HSHFU5T;☑;
7HXH3ABF;☑;
7J3PQUB7;☑;
7J53LAPX;☑;
7JAJ57HY;☑;
7JDSHHGN;☑;
7JJNJG8H;☑;
7JP2WUVM;☑;
7JZXU5NR;☑;
7K2MBVYR;☑;
7K9ADEVN;☑;
7KD42VT3;☑;
7KDFS349;☑;
7KJP7HZR;☑;
7KQ8K62G;☑;
7KQP2LGZ;☑;
7KYSC87W;☑;
7LB65ES9;☑;
7LD42G6Z;☑;
7LFGR7PL;☑;
7LHB1NJ1;☑;
7M26TTFR;☑;
7MCM6QLI;☑;
7MF2AE5G;☑;
7MJWL97V;☑;
7MLYYN9C;☑;
7MYV92JZ;☑;
7N41YL1Z;☑;
7NFHSEGG;☑;
7NMF3VNS;☑;
7NTB87NP;☑;
7P6K6NXU;☑;
7P7F2JAM;☑;
7PHNYY6D;☑;
7PXJQZ8K;☑;
7Q9VRVV7;☑;
7QHGLCYL;☑;
7QRJ5VF5;☑;
7RWMFRZE;☑;
7SM9WQZZ;☑;
7T2SZG9J;☑;
7T2THXH8;☑;
7T9UQEEV;☑;
7TTK61SK;☑;
7U2JEMCB;☑;
7U58NPZT;☑;
7UB0YI7S;☑;
7UHDJFS3;☑;
7UY8SSKA;☑;
7VL7WQBR;☑;
7VR35F7W;☑;
7W58GXBA;☑;
7W7NLVES;☑;
7WMXPPJ4;☑;
7WU6MBGW;☑;
7WXFW4Z2;☑;
7X459FLU;☑;
7X9J8L08;☑;
7XAA8NTY;☑;
7XLUFQFK;☑;
7XN1SLAN;☑;
7YVE4AZE;☑;
7Z29N96H;☑;
7ZAF7HZN;☑;
7ZLRUUTW;☑;
7ZQ8MACQ;☑;
7ZYASNH7;☑;
7ZZBY2GW;☑;
81I1A51Q;☑;
822OFQGM;☑;
82DFK2MX;☑;
82G3ELVU;☑;
82K8J6M8;☑;
82S3DDRC;☑;
82UTHDNY;☑;
833S6ZJU;☑;
834NEZVC;☑;
8359LVTP;☑;
83CVWJF7;☑;
83D3DBE7;☑;
83YLRL7V;☑;
845RZGZ9;☑;
847U6KBL;☑;
855KARPB;☑;
85CALG38;☑;
85MYF23P;☑;
85WJ3LPJ;☑;
85XTAUMZ;☑;
863BGZX9;☑;
86HUXYUE;☑;
86NWCUHZ;☑;
86ZL2FQM;☑;
874O2PXL;☑;
87A2WVMY;☑;
87BUVMSH;☑;
87S9HPPF;☑;
88FEIJHA;☑;
88ZYERM4;☑;
893RUBPR;☑;
89N4F8C3;☑;
8AKQH7CT;☑;
8ALA3X38;☑;
8APQVSQC;☑;
8ATQLFQ7;☑;
8C3T4HAY;☑;
8C87N9AQ;☑;
8CJPV2CN;☑;
8CSFH2EH;☑;
8CXJNZQB;☑;
8CXYGPUI;☑;
8D77Y8GS;☑;
8DK6VHUF;☑;
8DLSC4AS;☑;
8DMDHWR7;☑;
8DPOYF5N;☑;
8E2MAE2G;☑;
8E5HPZ2L;☑;
8E8W8XYR;☑;
8EMZ74QW;☑;
8ENR573K;☑;
8EU7Y2C5;☑;
8F32UFU8;☑;
8F9EBB4Q;☑;
8FFPSMV4;☑;
8G7E3DEK;☑;
8G8RVNNJ;☑;
8GU53FXS;☑;
8GVQ8107;☑;
8H8X22D4;☑;
8HF6QT2A;☑;
8HHCTSW4;☑;
8HJPTNXY;☑;
8HSPPEDE;☑;
8HZ3HQ8B;☑;
8HZD677N;☑;
8IQIWYTH;☑;
8J4MZMAU;☑;
8JV4FZ6Q;☑;
8JYB5TDC;☑;
8K2Z796K;☑;
8K34PLKF;☑;
8KAUTQVH;☑;
8KD6B2AY;☑;
8KF87S3Z;☑;
8KFBQ2GL;☑;
8KH3QE8U;☑;
8KNFJFUR;☑;
8KQA6W67;☑;
8KR43SJE;☑;
8KU2CDD6;☑;
8KZSB8WG;☑;
8L5FZS9B;☑;
8L6V8BTE;☑;
8L74EQ8Z;☑;
8LBRQMUN;☑;
8LDU93GM;☑;
8LKYYF2S;☑;
8LM3NPES;☑;
8M19RSHG;☑;
8MRC7R4X;☑;
8MRRPS46;☑;
8MXYENF1;☑;
8MYNCJUW;☑;
8N6KH52K;☑;
8NS4RCCN;☑;
8NWCLWYT;☑;
8NXVJVJL;☑;
8NYXO8DW;☑;
8P47489T;☑;
8P76BRZW;☑;
8PFMD6ST;☑;
8PGWW3AN;☑;
8PM5W5CK;☑;
8PNK7NEW;☑;
8Q6D6GQ6;☑;
8QEQ2N39;☑;
8QPHRRG2;☑;
8QPJY2G6;☑;
8R5JZZFB;☑;
8R5RLARC;☑;
8RADQD6G;☑;
8RE8L2GD;☑;
8REZWLDJ;☑;
8RX6ZQFP;☑;
8RZS6T2J;☑;
8S3JQ3KG;☑;
8S53GBNQ;☑;
8SB79KVW;☑;
8SJGS6VP;☑;
8SVAP9XW;☑;
8TCFVCZY;☑;
8TUV0B7B;☑;
8TXEXM2R;☑;
8U28N9JY;☑;
8U5M9XYK;☑;
8UH5TLST;☑;
8UT9BJ3R;☑;
8UVN3G3A;☑;
8V25R3HT;☑;
8V6DLTUZ;☑;
8VCAQXU3;☑;
8VP6LNQS;☑;
8VUCCPC8;☑;
8VUWEI62;☑;
8WEMAF5P;☑;
8X9H9YWR;☑;
8XDH219D;☑;
8XGS8CKD;☑;
8XLVL94T;☑;
8XMC6RFB;☑;
8XMPUS2D;☑;
8XPVXTHP;☑;
8XSWDFR3;☑;
8YGSWNEH;☑;
8YLGVGYG;☑;
8Z0TLSEG;☑;
8Z4GUQC5;☑;
8Z5PLFKS;☑;
8Z9D0OKV;☑;
8ZPFZZNN;☑;
8ZQT5XF5;☑;
90AYHI97;☑;
92LVP79H;☑;
92MQCN8D;☑;
92TTDWYW;☑;
933CDUYS;☑;
93NELCY4;☑;
93WH5WQ5;☑;
93YN65GN;☑;
946A9XAY;☑;
947HJBYZ;☑;
94MCA6E6;☑;
95283Z5H;☑;
955PEVP6;☑;
955XMPVV;☑;
95AR88LU;☑;
95KNUZL2;☑;
95W9XAK6;☑;
95Z4NSJH;☑;
967GEPLA;☑;
96EW5EW8;☑;
96R3N4ZV;☑;
976TB865;☑;
979LGDA6;☑;
97BXBZ3H;☑;
97HYKW7R;☑;
97KVF1LV;☑;
97LMX94W;☑;
97MP9EXV;☑;
97SM8Y83;☑;
97VLGNW2;☑;
989056AA;☑;
98JA5YDH;☑;
98KJEGVT;☑;
98MGQ5GZ;☑;
98QCUCVE;☑;
98VJLUUF;☑;
999DRX3H;☑;
99NMTZ5L;☑;
99TWLYES;☑;
9AD640AE;☑;
9APHGLVG;☑;
9BRLR4MM;☑;
9BURMRBA;☑;
9BXZ7AY5;☑;
9BYRYMSP;☑;
9CB3LZAD;☑;
9CQRBRYM;☑;
9CVCHGBT;☑;
9D1GXH5I;☑;
9D7AYY42;☑;
9D8GTEKX;☑;
9DQ9F9Q4;☑;
9DUKYLLQ;☑;
9E9E8YAJ;☑;
9EEP7V92;☑;
9EFJAPSH;☑;
9EO3LRSC;☑;
9EVMYD6X;☑;
9F5C7U9C;☑;
9FRNFYQ3;☑;
9G2WJ84A;☑;
9G3KE5W8;☑;
9G6DZX0G;☑;
9GDFWYSJ;☑;
9GE6H9K9;☑;
9GU6VU8A;☑;
9GVPAVVW;☑;
9H4FE4F5;☑;
9H6TSPD2;☑;
9H9A6BK2;☑;
9HHX665K;☑;
9HLLEIU8;☑;
9HRNUYJ8;☑;
9IGRJVVJ;☑;
9J66EFGM;☑;
9JA3Z5R2;☑;
9JLSXGKA;☑;
9JNBBHDS;☑;
9JX894ZJ;☑;
9KEJ38UA;☑;
9KNMM932;☑;
9KO3XWH0;☑;
9KRWCS3X;☑;
9L96F4QS;☑;
9LFWMZZQ;☑;
9LUNQQ7Y;☑;
9M0CEE00;☑;
9M2M2S9P;☑;
9M32X4WG;☑;
9MGGK5D8;☑;
9MKMG5NV;☑;
9MSZMSFE;☑;
9MTL2B4K;☑;
9MUY8FFV;☑;
9N5VCNCB;☑;
9N85RJLH;☑;
9NT5LPTP;☑;
9NWBYLHE;☑;
9NWLUFCY;☑;
9NXEXLSQ;☑;
9NZ97RJ2;☑;
9OCGGP0N;☑;
9PBPYKJ7;☑;
9PQCPGCR;☑;
9PVUKCP3;☑;
9PWDE3DR;☑;
9PXZULBL;☑;
9Q9J8JXH;☑;
9QL24ZHD;☑;
9R73NR32;☑;
9RV834DZ;☑;
9S9HTYDQ;☑;
9SA3AVDU;☑;
9SBDF92Q;☑;
9SW32LGA;☑;
9T2N2BC5;☑;
9T3UXUFX;☑;
9T6B2QFM;☑;
9T6WJQFQ;☑;
9TJ346R6;☑;
9TJUNNBT;☑;
9TKB4AR8;☑;
9TMBTPG9;☑;
9TP2RUV8;☑;
9TR3DAL3;☑;
9TX72834;☑;
9TXUP9UF;☑;
9U2LWZK5;☑;
9U9ZG5AL;☑;
9UKSDAE3;☑;
9ULBVQUX;☑;
9ULN5JEB;☑;
9UPP9KYL;☑;
9UW5JU5X;☑;
9V3LXXNX;☑;
9VFFYTD9;☑;
9VWZBNXW;☑;
9W926GSV;☑;
9WMQCT42;☑;
9WV7QKGK;☑;
9WYNLWRU;☑;
9X2XFT9Y;☑;
9X59Q5ZR;☑;
9X6E6SRZ;☑;
9XPBW77N;☑;
9XULARVA;☑;
9YASPUMQ;☑;
9ZBTL4GJ;☑;
9ZD2SYU9;☑;
9ZNEGK8E;☑;
9ZW9J7PQ;☑;
A05LCD2T;☑;
A1HLPPNK;☑;
A1MS6DYO;☑;
A25CQ2V2;☑;
A346A33G;☑;
A3CY6ZBW;☑;
A3ET3VJ2;☑;
A3JJ7JB9;☑;
A3QR5JXW;☑;
A3WRGYR4;☑;
A4AW76LA;☑;
A4DAAG7A;☑;
A4GGYEMX;☑;
A4HA7RZ2;☑;
A4MCTVJA;☑;
A4TQGLWP;☑;
A4WL9TD4;☑;
A52DWJKV;☑;
A5LH4EPM;☑;
A5TY54UQ;☑;
A5UAU53A;☑;
A6BPWD7E;☑;
A6HAVAHH;☑;
A7359P58;☑;
A75Y84VL;☑;
A78VSS44;☑;
A84BQNFG;☑;
A84L2ZLE;☑;
A8NU5FNU;☑;
A8QAX4KG;☑;
A8QYBR3H;☑;
A9CUDLEP;☑;
A9FJP9YO;☑;
A9KBQY5S;☑;
A9KVAGY3;☑;
A9TJSYQW;☑;
AA2B94LN;☑;
AA33J6B6;☑;
AA68SF3Z;☑;
AABAO83I;☑;
AAG4FE7Q;☑;
AAHUS8F4;☑;
AAZS5WKK;☑;
AB2N6PN2;☑;
AB2XUC9C;☑;
AB7FSWK7;☑;
ABK5PTTJ;☑;
ABW6RBTR;☑;
AC5DSQYE;☑;
ACAWNYTW;☑;
ACL6DFL7;☑;
ACUQJ6GW;☑;
ADG8YCM3;☑;
ADPLJX53;☑;
AE3BCTJ2;☑;
AE7HFYYK;☑;
AE8C24AU;☑;
AF2ZXBUP;☑;
AF68JGTA;☑;
AFC5YEWD;☑;
AFD7L4VW;☑;
AFE35NPP;☑;
AFFW87BF;☑;
AFS4RV5N;☑;
AGHRD64Z;☑;
AGMRP5M6;☑;
AGNRBZR4;☑;
AGPT5L7F;☑;
AGTHT7GR;☑;
AH97SZT2;☑;
AHI4YN7S;☑;
AHLEPU8S;☑;
AI7T5F90;☑;
AIDYMJKF;☑;
AJ5FMB84;☑;
AJ7VTTZ4;☑;
AJKRJT23;☑;
AKA38X5X;☑;
AKA3CP7Y;☑;
AKU7FXAX;☑;
AL7U3CEV;☑;
ALD6DMTL;☑;
AMAJ9C84;☑;
AMG53V8B;☑;
AN5M29EX;☑;
AN8D6RX7;☑;
ANJ82DDH;☑;
AP2HR5QB;☑;
AP9MX6AD;☑;
APS7GXDM;☑;
AQA7ATBY;☑;
AQD29IZ0;☑;
AQPAVY4W;☑;
AQQH7NNQ;☑;
AR4TSGJG;☑;
AR8GK9RS;☑;
ARBS87MU;☑;
ARDL6BX5;☑;
ARFM3T77;☑;
ARKBDWUM;☑;
ARSBKFFC;☑;
ARWDW9E9;☑;
ARZ6E3XF;☑;
AS4Z6HLY;☑;
ASH4GRKT;☑;
ASUE2JA4;☑;
ASYH95GF;☑;
AT2OUTDB;☑;
AT6QCXMN;☑;
ATAX5UFL;☑;
ATTQ7675;☑;
ATVB3EJ7;☑;
AUBSDUKQ;☑;
AUXEHVYN;☑;
AUYJUDHN;☑;
AV56CD5A;☑;
AV5XXFE2;☑;
AV9YLK2U;☑;
AVLXTX6W;☑;
AVQ4PG7B;☑;
AVUYCUTA;☑;
AVY3E55L;☑;
AVZUPZXM;☑;
AWBKNM3T;☑;
AWM48W2M;☑;
AWPF6PSS;☑;
AWURD64A;☑;
AWYKPY97;☑;
AXFEVU9U;☑;
AXQ5JSLK;☑;
AXSFK5ZQ;☑;
AXXYS2G8;☑;
AY4TJJ5B;☑;
AY5WELYQ;☑;
AYIR7C4L;☑;
AYPGKCZK;☑;
AYUBBUUM;☑;
AYXEVX4V;☑;
AZAQCF4M;☑;
AZCQXS94;☑;
AZPHTF8Q;☑;
AZTX6DEZ;☑;
AZZBBWP7;☑;
B20KRPY0;☑;
B224PMNS;☑;
B2463NRW;☑;
B2M36JE8;☑;
B2SPGQ5P;☑;
B2VWFF2P;☑;
B32B75S2;☑;
B3TUH6RZ;☑;
B48ZQ87A;☑;
B4ABPG4G;☑;
B4SB5AW3;☑;
B5EZNXVJ;☑;
B5MNEKP8;☑;
B5NLUT79;☑;
B5TPUT4G;☑;
B5ZJE2D3;☑;
B62R4KDN;☑;
B63SB6CB;☑;
B6Q3RYW9;☑;
B6VGJ8Q5;☑;
B6Z4VW6W;☑;
B73PR5XJ;☑;
B7A59QEG;☑;
B7AYADBE;☑;
B7BSU8RZ;☑;
B7JU4LVE;☑;
B7REYW4H;☑;
B886GEZT;☑;
B8VKU82C;☑;
B8WEZRB9;☑;
B92N25DK;☑;
B97AFFVS;☑;
B99Y2VHY;☑;
B9NES4KV;☑;
BA5YJ9JC;☑;
BAVS4ZUY;☑;
BB6YPJZ5;☑;
BB95USKY;☑;
BBGATZ6H;☑;
BBQ65SWL;☑;
BBQCMWQ4;☑;
BBSFNCUN;☑;
BBTE5L2T;☑;
BBUK07PL;☑;
BCGD0FCS;☑;
BCHSR4GM;☑;
BCZFJ8Q6;☑;
BD3TSMTJ;☑;
BDA55PXG;☑;
BDDLGE8H;☑;
BDKGQSD9;☑;
BDLRWKHH;☑;
BDP559H8;☑;
BDSBGK4W;☑;
BE4L40AM;☑;
BE7Z23W5;☑;
BE9PEVCE;☑;
BEBH8LWC;☑;
BEFDD3JZ;☑;
BEFKRHXQ;☑;
BEL9722B;☑;
BEXZLAWL;☑;
BFET8ZX5;☑;
BFML3HP5;☑;
BFNR5UAN;☑;
BFUF76BU;☑;
BGFYBVP6;☑;
BGGKWJEJ;☑;
BGMMH5E3;☑;
BGSA9PXC;☑;
BGUP44UU;☑;
BH405YJO;☑;
BH587VSS;☑;
BHKRA2JC;☑;
BHRUNCCF;☑;
BHY3DHXG;☑;
BHZZ782N;☑;
BIG81GQF;☑;
BJ2LNG66;☑;
BJ4R4L54;☑;
BJFY8CCB;☑;
BKCJWVHZ;☑;
BKFCEWCJ;☑;
BKGAR7FS;☑;
BKRRF6R4;☑;
BKX9QVRU;☑;
BL5B5FRF;☑;
BL8P5C4K;☑;
BLBYR5WC;☑;
BLLDADVJ;☑;
BLMN8AHX;☑;
BLVTK6WL;☑;
BNG2S5UX;☑;
BNHGPC6U;☑;
BNK3MZHT;☑;
BNRZM4JW;☑;
BNUDHEA4;☑;
BNWJ9ZZA;☑;
BNWUWY9H;☑;
BNWZAHM3;☑;
BQ2RV2Q5;☑;
BQ97RE65;☑;
BQCC2XLX;☑;
BQPCVM8U;☑;
BQQNM3VY;☑;
BQSMBLJL;☑;
BQY3CCDD;☑;
BQZS8PB5;☑;
BR48ZBMG;☑;
BRA35N3D;☑;
BRPZ8KM7;☑;
BRS43UUD;☑;
BS9N7QG9;☑;
BSJR92TG;☑;
BSM7SDEF;☑;
BSMBYWET;☑;
BSP2YSET;☑;
BSPKAQSJ;☑;
BT82AW97;☑;
BTVMMJGY;☑;
BTXKSLXE;☑;
BTZKNCKG;☑;
BU4ELJFS;☑;
BU68SA7N;☑;
BUBBQ6M4;☑;
BUFAUF8K;☑;
BUHHPNE6;☑;
BUNHCZBS;☑;
BUQYNPHX;☑;
BV4LGJ4J;☑;
BV89TZNG;☑;
BV9SY9JJ;☑;
BVFH9EJJ;☑;
BVFYGYS8;☑;
BVGNVSYL;☑;
BVLUKDDD;☑;
BWASEJUG;☑;
BWYLVZNS;☑;
BX6NMCN9;☑;
BXRJA3CC;☑;
BXZPX7YH;☑;
BYUH2PQT;☑;
BZ42JHN7;☑;
BZUDYUAD;☑;
C22WFJ23;☑;
C24N3CKK;☑;
C2JLQ3H4;☑;
C2V3L0EO;☑;
C2XFQVZM;☑;
C3DZW1L6;☑;
C3FRJSUW;☑;
C3S8BVZB;☑;
C3YNAWWM;☑;
C43ZDNA9;☑;
C46GFETC;☑;
C4JE2AZ6;☑;
C4M3UBV5;☑;
C4TT4LD8;☑;
C4YABZ28;☑;
C53BFH8V;☑;
C56NYZXE;☑;
C5YA4QBJ;☑;
C69NSS3M;☑;
C6DH5XJK;☑;
C6F2XLMC;☑;
C6HR9XY7;☑;
C6J8MKQS;☑;
C6MMNERT;☑;
C75ZZZKK;☑;
C76Q82V9;☑;
C77XSYLU;☑;
C7JGVERX;☑;
C86DN7DK;☑;
C87T9863;☑;
C8B8NSJT;☑;
C8F8WR8G;☑;
C8GXRUEW;☑;
C8TK36QV;☑;
C8WFQ9AK;☑;
C90YBHXP;☑;
C98ZLFC3;☑;
C993UBWR;☑;
C9CV4V26;☑;
C9PXCXPG;☑;
C9XBMPUK;☑;
CA5UC3P4;☑;
CAJQTH7H;☑;
CAP59OR3;☑;
CAPXED4S;☑;
CATQ2L62;☑;
CB5WE72X;☑;
CBNCLF37;☑;
CBU7MHEH;☑;
CBWZCKY3;☑;
CBX646DG;☑;
CC5CC46W;☑;
CCAKXJ74;☑;
CCB648TH;☑;
CCOXPOXA;☑;
CD4TWGKD;☑;
CD97PWKA;☑;
CDEBWDXX;☑;
CDELY7D4;☑;
CDJXSESC;☑;
CDPTSIEI;☑;
CDTLTKTJ;☑;
CE2A2J9D;☑;
CELUJ9BS;☑;
CENYN6L2;☑;
CEQ7EUW2;☑;
CEQE2Y5E;☑;
CEUBT5KU;☑;
CEW2FRAM;☑;
CF29ZLQV;☑;
CF4CXT32;☑;
CF4YHXQD;☑;
CFF1003P;☑;
CFNCHPNB;☑;
CFTGFYMZ;☑;
CFX1YSFE;☑;
CFZ3GD9J;☑;
CG6VYCKB;☑;
CGCGV8KP;☑;
CGDR6RTW;☑;
CGHGWK88;☑;
CGHZTAFB;☑;
CGM89HKW;☑;
CGN7LLRQ;☑;
CGS39D5N;☑;
CGTLWMZ3;☑;
CGY6Z24C;☑;
CH9G236Y;☑;
CHXIHMF8;☑;
CHZP6286;☑;
CJR3K3GY;☑;
CJZS5MMM;☑;
CK8NN0U5;☑;
CKJF9YWQ;☑;
CKY965NH;☑;
CKZZHAHT;☑;
CL2WPPPJ;☑;
CL3RC3BS;☑;
CLHYNXKR;☑;
CLK4E63K;☑;
CLUXJ98Z;☑;
CMG2L7YW;☑;
CN2RHJ9A;☑;
CN4NPMEZ;☑;
CNRUXW3M;☑;
CP7NUGGK;☑;
CPAWEYLA;☑;
CPGYT2PV;☑;
CPUBRZAS;☑;
CPYGS6RD;☑;
CPZZ39CN;☑;
CQDBW9K7;☑;
CQEPD4PH;☑;
CQKW7GL4;☑;
CQRJTVBS;☑;
CQT5VPSD;☑;
CQVEHTTB;☑;
CQYW3QCG;☑;
CR3ECHD9;☑;
CRA3MT6N;☑;
CROM1NKE;☑;
CS2967P7;☑;
CSN4S6SW;☑;
CSSG2ZFW;☑;
CST4RKH6;☑;
CT6BEG54;☑;
CT8RKX8S;☑;
CTEB7VCH;☑;
CTW6Z9CH;☑;
CU8B3AVZ;☑;
CUK4RDNR;☑;
CUMGP2W0;☑;
CUSCTWR2;☑;
CVKPW7MA;☑;
CVVD43WF;☑;
CWGECK66;☑;
CWM6FEEB;☑;
CX6H4NHX;☑;
CX7D8VS2;☑;
CXB4ET5Q;☑;
CXJNNNQB;☑;
CY4PSKQV;☑;
CY6J79UF;☑;
CYAWD7AV;☑;
CYEFWW5R;☑;
CYNS27ZX;☑;
CYPCS852;☑;
CYPSC6AS;☑;
CZB6XP6B;☑;
CZFN9QVM;☑;
CZGS22SE;☑;
D0TKQI30;☑;
D2267TRS;☑;
D2NXUPAR;☑;
D2P45E36;☑;
D3F2OA92;☑;
D3FG4SHK;☑;
D3Y47RL6;☑;
D446AMLX;☑;
D4DLRZ6C;☑;
D4ZMU224;☑;
D59L06NS;☑;
D5B4M494;☑;
D5BMK7VW;☑;
D5DKFQGN;☑;
D5EUR6CC;☑;
D5SEYFUS;☑;
D5WK6CJ5;☑;
D69MUZSF;☑;
D6KD76OM;☑;
D6MNRYTC;☑;
D6QGZVR3;☑;
D6VY4QJF;☑;
D6ZKMMGM;☑;
D7CCVFVC;☑;
D7TZA2WZ;☑;
D7UL2JI0;☑;
D868SA45;☑;
D8A23B3B;☑;
D8BVQTGG;☑;
D8DEWUQU;☑;
D8RSWHK6;☑;
D8S3ZNQZ;☑;
D8TR76CT;☑;
D9DY9A6D;☑;
D9GDHX7C;☑;
D9J86Q85;☑;
D9TMRVRE;☑;
DA6MWYW3;☑;
DAYJU33D;☑;
DB92LKS9;☑;
DB9TDV4E;☑;
DBVQ7O77;☑;
DC7D4YJC;☑;
DCH69G6P;☑;
DCHLNTMC;☑;
DCJFRVUL;☑;
DCXCT8TV;☑;
DDAETVYD;☑;
DDC3XA4G;☑;
DDH4JYGG;☑;
DDQMKEHL;☑;
DDVXHSL4;☑;
DE3CV8XD;☑;
DE8FPKLT;☑;
DEB9T7JO;☑;
DEG3YL6L;☑;
DEKNSVV5;☑;
DEL6SC92;☑;
DFRFM51U;☑;
DFS8M2M2;☑;
DFZXURVU;☑;
DG72BEP5;☑;
DG8NCM9V;☑;
DGC65ZTC;☑;
DGG5KPW7;☑;
DGJMXTKU;☑;
DHMV6BMJ;☑;
DHQHT2VF;☑;
DHYXBS79;☑;
DJH4LR8Z;☑;
DJPCEHE6;☑;
DJSNYX6R;☑;
DJWMXXFP;☑;
DK446UWX;☑;
DK7BG6YL;☑;
DKADQWRY;☑;
DKAT77PE;☑;
DKHPZULF;☑;
DKJP5Q64;☑;
DL8G2NZK;☑;
DLBKLXC5;☑;
DLF2HHZE;☑;
DLFSU3X8;☑;
DLJNXQZC;☑;
DLL2BCGU;☑;
DLR9WCM6;☑;
DLWFSL85;☑;
DM6PTHE3;☑;
DMA49TGB;☑;
DMLMZNXS;☑;
DMQVF84P;☑;
DMS4KY0J;☑;
DMS5NAE2;☑;
DNS33R9Q;☑;
DOQHPK4L;☑;
DOYGX2FO;☑;
DP736HQT;☑;
DP80R0V3;☑;
DPY8ECEY;☑;
DQ24A2CM;☑;
DQFD8BGZ;☑;
DQUDYJOQ;☑;
DQVEZNBG;☑;
DRHG58BE;☑;
DRHRJDSS;☑;
DRTDNF4U;☑;
DS8QGJZR;☑;
DS9AQEDN;☑;
DS9QHOZ3;☑;
DSADL1MV;☑;
DSBML7V5;☑;
DSF2RN7Y;☑;
DSKYAG2Q;☑;
DSRCSCZE;☑;
DSS3RH6F;☑;
DSVNAQL9;☑;
DT2VUTZK;☑;
DTE6EC0N;☑;
DTVKLS5Z;☑;
DU5FLUHN;☑;
DU6POC79;☑;
DUNTHGR7;☑;
DW3AB57J;☑;
DW54EL8H;☑;
DWJXPQRQ;☑;
DWS3WKH5;☑;
DXMTJJBY;☑;
DXXWMQ96;☑;
DYBPHAL0;☑;
DYCFAGP7;☑;
DYDRVWZK;☑;
DYEQ299P;☑;
DYHA5QVM;☑;
DYMF9CBF;☑;
DYQCOKM5;☑;
DYV3AUWF;☑;
DZ2FZ2TT;☑;
DZ4GCB2G;☑;
DZ92GNCP;☑;
DZJLELCC;☑;
DZKLAG4B;☑;
DZMU7UUV;☑;
E048P40H;☑;
E29GWGSR;☑;
E2R4VLIQ;☑;
E36LFLXD;☑;
E37BSNKD;☑;
E38TLEF8;☑;
E3DNHXXE;☑;
E3GT622B;☑;
E3QQ6VZ6;☑;
E3VBPKZD;☑;
E45395SG;☑;
E4NCQN89;☑;
E4PJAEPZ;☑;
E4X6DYP6;☑;
E4YQHPEQ;☑;
E5BDJBZJ;☑;
E5P72F6B;☑;
E5Q5D7SB;☑;
E5WEAXZQ;☑;
E5ZT2UG5;☑;
E638G2RR;☑;
E6QC6ZLE;☑;
E6ZY92W8;☑;
E73BHYYC;☑;
E73XKEXP;☑;
E79K23LQ;☑;
E79V34PN;☑;
E7EELBJR;☑;
E7HWFY2S;☑;
E84AG4BB;☑;
E864TAEB;☑;
E87W53JD;☑;
E8BD79TQ;☑;
E8EVSYBY;☑;
E8MRJ4M6;☑;
E8TCHLA6;☑;
E8TJTLH5;☑;
E9AAKQLC;☑;
E9GQNJE4;☑;
E9HFM3L5;☑;
E9V38MY7;☑;
EA22WMAL;☑;
EAAG64LD;☑;
EAL6M6AS;☑;
EANAD3YZ;☑;
EBAED62U;☑;
EBK8H5EH;☑;
EBKAXYHR;☑;
EBMKVGRY;☑;
EBTW9XTM;☑;
ECECN87S;☑;
ECEN348H;☑;
ECHCCTQG;☑;
ECJPYGXB;☑;
ECNV6GR2;☑;
ECP9XEK8;☑;
ECPM5XPY;☑;
ED3E5RD9;☑;
ED9FLEK2;☑;
EDC1R022;☑;
EDCUFULG;☑;
EDJUFC5F;☑;
EDKFLFRP;☑;
EE26WQEH;☑;
EEEXHVU9;☑;
EES6SJ2N;☑;
EEY9HMQD;☑;
EF2L7PWW;☑;
EF66FPV9;☑;
EF7DBZ3D;☑;
EFDUIEUN;☑;
EG5E53EH;☑;
EG8JMD7B;☑;
EG8S2MDE;☑;
EGGRHLE3;☑;
EGNRSZ28;☑;
EGRCRM9G;☑;
EHDQPWYF;☑;
EHF8DUR5;☑;
EHJQ2HAB;☑;
EHJWX9N9;☑;
EHURXXG3;☑;
EJLXEDD4;☑;
EJUDPZ35;☑;
EK91OB5O;☑;
EKA9F5ZX;☑;
EKKIGA6Q;☑;
EKLVCBEQ;☑;
EKNNRFHD;☑;
EKTM2UBY;☑;
EKYLXYLB;☑;
EL3MDWHK;☑;
ELM9MM6D;☑;
ELMZT7LD;☑;
ELP4EKLH;☑;
ELTATU96;☑;
EMBF3G2M;☑;
EMF9ZMRL;☑;
EMOX9H3C;☑;
EN452JL9;☑;
EN4OBPBW;☑;
ENLKBTZM;☑;
ENPBK446;☑;
ENQJ5DFS;☑;
ENSGFB6D;☑;
ENUKTR9N;☑;
EOQ1VTHE;☑;
EOUXKC49;☑;
EP05GCH0;☑;
EP58GMSA;☑;
EP8SR6LC;☑;
EP9TGH99;☑;
EPRCB65H;☑;
EPUVLHGF;☑;
EQ2VJW6P;☑;
EQQ74C9V;☑;
EQVTMW7K;☑;
EQXU4Q59;☑;
ER4FEY25;☑;
ER9EKA56;☑;
ERGUWP1N;☑;
ERM9DK6J;☑;
ERPHSTKX;☑;
ES14R2UB;☑;
ES5TWKX7;☑;
ESBP93ZT;☑;
ESDW9W6H;☑;
ESS957XZ;☑;
ESTZ9VUP;☑;
ETDUSDHC;☑;
ETNZ3FRQ;☑;
ETPXLBQY;☑;
ETR2T38S;☑;
EU2YTGE4;☑;
EU9THBR8;☑;
EUW4MC5F;☑;
EV232XYM;☑;
EV75HPW4;☑;
EVF8LJZD;☑;
EVHSDP9E;☑;
EVS9AWDZ;☑;
EW4VD9FZ;☑;
EW6YY3HT;☑;
EWG9MJ5G;☑;
EWN9MXDC;☑;
EWTEEVS9;☑;
EWW6O8WQ;☑;
EX5ULWAR;☑;
EXGP535R;☑;
EXMYTXUN;☑;
EXPY93FY;☑;
EXVZH8AV;☑;
EY7RMPTN;☑;
EYFRNG2P;☑;
EYPECS7A;☑;
EZ6EZZVJ;☑;
EZ6ZFSDP;☑;
EZ7WA7TK;☑;
EZXY9LGL;☑;
F0E8VC2V;☑;
F239EEWN;☑;
F2C6K47L;☑;
F2DQAA9W;☑;
F2EGPKJP;☑;
F2S5L5CS;☑;
F33S552H;☑;
F3BS4EEG;☑;
F3C854G6;☑;
F3DG9L8M;☑;
F3G7PY4V;☑;
F3J5YYKJ;☑;
F3KHPJEF;☑;
F3N7NQ2Z;☑;
F43F50S3;☑;
F45SKZR8;☑;
F4CSV4SQ;☑;
F4UAHN72;☑;
F5AHMW2F;☑;
F5ASDM9C;☑;
F5NRQFF5;☑;
F5RG67R6;☑;
F5TPSJVV;☑;
F5XW38UB;☑;
F65JRJ43;☑;
F6GAZ4YF;☑;
F6JQ6858;☑;
F6PUECTQ;☑;
F6PYOE1M;☑;
F6TA8CR2;☑;
F6TH6KSN;☑;
F6UEK5ZA;☑;
F78RM4E6;☑;
F7JMQ4FC;☑;
F7ZPY39T;☑;
F8AY53VG;☑;
F8DZYM6K;☑;
F8PYZQDC;☑;
F8WNZ55U;☑;
F8Y2BGBC;☑;
F9HW8PUE;☑;
F9RHMGL2;☑;
F9SDHL9T;☑;
FAK76NL3;☑;
FAQC44UM;☑;
FARFYHH5;☑;
FATQ763Y;☑;
FAYK7WSS;☑;
FAZTQ2FG;☑;
FB7XWSX5;☑;
FBDWC55H;☑;
FBF356PX;☑;
FBN534PW;☑;
FBVZINKE;☑;
FBYDF6ME;☑;
FBZWQYDS;☑;
FCP3K8FA;☑;
FCX3WVVD;☑;
FD96D2AN;☑;
FDH6NRHU;☑;
FDNY33LS;☑;
FDUE6DA7;☑;
FDZHOVUR;☑;
FE9LL2HE;☑;
FELJ69G9;☑;
FER8NRHD;☑;
FETMQRGV;☑;
FEYCYY7Y;☑;
FF6EUPSB;☑;
FF7VPB5V;☑;
FFR49C6T;☑;
FFVEG3XS;☑;
FG27Y3DF;☑;
FG4F3E9T;☑;
FG5BVXNC;☑;
FGN8UCW7;☑;
FH7VJUQV;☑;
FHC9C24Y;☑;
FHGLQQXN;☑;
FHNBD25P;☑;
FHRCEBUE;☑;
FHT4ZAA3;☑;
FI1OLJ6I;☑;
FJ9UPRRG;☑;
FJAHLDGD;☑;
FJC9F34X;☑;
FJMRWDCA;☑;
FJY6875A;☑;
FK32HKA4;☑;
FKBK3QGV;☑;
FKEUSLCA;☑;
FKEWY371;☑;
FKM2PZKD;☑;
FKNTX7HS;☑;
FKU2Y9QG;☑;
FKWBGLDP;☑;
FKWELSGV;☑;
FKWKZGKM;☑;
FL3UQTX4;☑;
FL9ZP4MZ;☑;
FLGH7D3X;☑;
FM2Q6R5Z;☑;
FMK3JQCX;☑;
FMK6EZL2;☑;
FMTY6ZHZ;☑;
FMY3BUA2;☑;
FN3AEQMV;☑;
FNFBE5PM;☑;
FNWC25SK;☑;
FNZL5P4H;☑;
FNZVZ5G8;☑;
FOKIJWR6;☑;
FOOZ5QQ3;☑;
FP55CVY4;☑;
FPKHT567;☑;
FPSKJ6AW;☑;
FPTLPM7L;☑;
FPZJ3X9Q;☑;
FQ4BD59R;☑;
FQ4MBHF5;☑;
FQBHY5ZT;☑;
FQL447GK;☑;
FQNDTT6V;☑;
FQNRUTB6;☑;
FQNV66D5;☑;
FQRBLXDV;☑;
FQSHZ3HU;☑;
FR2X3ETX;☑;
FRAU83LG;☑;
FRBJNNA8;☑;
FRC4ASWH;☑;
FRHYJHUL;☑;
FRL5ZPTT;☑;
FRQZ8GWR;☑;
FRXVTVDW;☑;
FS22A4TU;☑;
FS2JFVQR;☑;
FS5YV78T;☑;
FS6UAUGA;☑;
FT4TXQBL;☑;
FTJUD96G;☑;
FTSB3HVS;☑;
FTSDHXSP;☑;
FUCGLBLL;☑;
FUE7V2F8;☑;
FUHY7M7C;☑;
FUSUN8CB;☑;
FVDXVVKS;☑;
FVJL2NKP;☑;
FVQ38BKS;☑;
FVWKR8VF;☑;
FW4GKSJK;☑;
FWJANXT7;☑;
FX7UQ9OB;☑;
FXKMGDZH;☑;
FXSNCX2G;☑;
FXSQDF2G;☑;
FY62AGCU;☑;
FYAT6Q75;☑;
FYD6J2HY;☑;
FYJFYKYQ;☑;
FYM88FJR;☑;
FYSSM957;☑;
FYYG8LQZ;☑;
FZ7ECASU;☑;
FZ8KW6ZJ;☑;
FZKEV25J;☑;
FZKKRMDN;☑;
FZR4SN2W;☑;
FZRY9KEK;☑;
G10YZ513;☑;
G25Z9TDE;☑;
G27EPJJV;☑;
G28GNMG6;☑;
G2BNX54J;☑;
G2E9P8JL;☑;
G2KJTECF;☑;
G2XSJKB4;☑;
G2YWCUT8;☑;
G3MDM5Z4;☑;
G3XXTTZ8;☑;
G46JV6EY;☑;
G4G79M9A;☑;
G4S3DS89;☑;
G5MDEHQS;☑;
G780UEVF;☑;
G7DK7N56;☑;
G7DRMJL6;☑;
G7KJZY8M;☑;
G7PCPTLY;☑;
G7RXCY8D;☑;
G87T6QT0;☑;
G89FCGOE;☑;
G8SXU7EL;☑;
G8ZX5LL6;☑;
G95KYZ9T;☑;
G97UAF7A;☑;
G9CJ0L0V;☑;
G9RL4WP7;☑;
G9VF5LRZ;☑;
GAALDWYU;☑;
GAFMPCW6;☑;
GAGFSS06;☑;
GALMLMB9;☑;
GAMWHK57;☑;
GBCN3HTT;☑;
GBFBDW9K;☑;
GBNS2UKB;☑;
GBQWAV2Y;☑;
GC8KP6QA;☑;
GCDWQFHV;☑;
GD3KJWG9;☑;
GD6RRHWG;☑;
GDAU23MC;☑;
GDEMZUSK;☑;
GDLMW5ZE;☑;
GDR82YPF;☑;
GEGJUKC9;☑;
GEJU8APA;☑;
GFBYTK62;☑;
GFDGTLC7;☑;
GFEB3JV8;☑;
GFEVW4XV;☑;
GFUZ5XVR;☑;
GG2F3MKY;☑;
GG7HQ3LT;☑;
GG9UZ8YR;☑;
GGSCFN8E;☑;
GHAG3CA2;☑;
GHNZN5PZ;☑;
GHUAN7RK;☑;
GIJYEQFK;☑;
GJMUCSCW;☑;
GJRGM9E8;☑;
GJTAFVEF;☑;
GJYHQLXY;☑;
GKBZTD5L;☑;
GKH88Z8S;☑;
GL5HLLNU;☑;
GLBQBZGM;☑;
GLDRMGEW;☑;
GLPH58NS;☑;
GLY5577Z;☑;
GM8F7DQ7;☑;
GMDWIGOF;☑;
GMK66Z9E;☑;
GMTKXAVH;☑;
GNEAQBNS;☑;
GNQU7R3F;☑;
GNTBXY9M;☑;
GORBB7U5;☑;
GP3O054S;☑;
GP8FXK78;☑;
GPA3WDQT;☑;
GPDU4PKZ;☑;
GPEFEVWM;☑;
GPT753Y5;☑;
GQ3P3K49;☑;
GQ547G64;☑;
GQ6FIHRP;☑;
GQSDRJLW;☑;
GQZWXG6X;☑;
GRFPYNMF;☑;
GRMFS2SH;☑;
GS8UKG4W;☑;
GSTTEYH9;☑;
GSWZQGG7;☑;
GT974Q6C;☑;
GTEFHWWA;☑;
GTHFB7TY;☑;
GTK65SMV;☑;
GTQXEYAZ;☑;
GU56Z5GV;☑;
GUGTZTWZ;☑;
GUIM173R;☑;
GVCTKEWP;☑;
GVPP7QEM;☑;
GVT6XCB5;☑;
GWEKD72F;☑;
GWJGODRF;☑;
GX8TM87R;☑;
GXLGZJEW;☑;
GXRRUUFD;☑;
GXYDBHEZ;☑;
GXZTXMG4;☑;
GY5Q5CAB;☑;
GY8NRMQM;☑;
GYBQCMMX;☑;
GYH0AVQJ;☑;
GYLLXN6D;☑;
GYLPWHYQ;☑;
GYV4KC8K;☑;
GYXW7N4B;☑;
GZ7HJBW5;☑;
GZAL6TQU;☑;
GZB855KV;☑;
GZS663PP;☑;
H1D9B7DV;☑;
H1NE833U;☑;
H22JRERM;☑;
H23YXWNY;☑;
H277ED4P;☑;
H2DU38TW;☑;
H2RZ7FT3;☑;
H325KPZM;☑;
H346T5LM;☑;
H39X25AM;☑;
H3TB6HLL;☑;
H422FTFG;☑;
H42KXGHE;☑;
H4CMBNK6;☑;
H4FQ529D;☑;
H4M55E2C;☑;
H4TENEC6;☑;
H522LXPT;☑;
H5AZ5M3C;☑;
H5LV5NQE;☑;
H5V2DPGY;☑;
H5WWVVZY;☑;
H5XBEK8L;☑;
H682GBD2;☑;
H68G9GSE;☑;
H69P42GA;☑;
H6K85UBW;☑;
H6SGDCMZ;☑;
H6Y3PB48;☑;
H7A2X4DB;☑;
H7BQKCY3;☑;
H7C9X7JD;☑;
H7MNAL3T;☑;
H85E9XCT;☑;
H8BG7YET;☑;
H8PRLJV4;☑;
H8X42GPP;☑;
H8XWLJF9;☑;
H8Y8DGLA;☑;
H8ZS6YNA;☑;
H96Q2PPS;☑;
H9FJZWPX;☑;
H9GEWKH6;☑;
H9Q7QQBY;☑;
H9WJXQAF;☑;
HAD4CTJP;☑;
HADQLDQG;☑;
HATTUCXK;☑;
HAWHZ5BD;☑;
HBJZSKAZ;☑;
HBK9XQK8;☑;
HBLGVVNU;☑;
HBPFSNNT;☑;
HBZQHU57;☑;
HC25SBCY;☑;
HCUFMMJF;☑;
HCYG2MQ9;☑;
HD8JUPGH;☑;
HDBTS5HL;☑;
HDCP9ZGG;☑;
HDETWXNX;☑;
HDLD29YS;☑;
HDN8GK5W;☑;
HDO29GJ7;☑;
HDQZSXWT;☑;
HDTAHDX6;☑;
HDTL794V;☑;
HDU9KGDT;☑;
HDXNNLQA;☑;
HDYE2KLH;☑;
HE9GSNWQ;☑;
HEB3YZN8;☑;
HECLY8AN;☑;
HEQKKSUX;☑;
HF8JHEAV;☑;
HFHS773T;☑;
HFIB7VNH;☑;
HFS3LGER;☑;
HFVSMHA8;☑;
HGECT2GF;☑;
HGGXFJAE;☑;
HH2Y2QLE;☑;
HH5HE2UZ;☑;
HH6P6NJT;☑;
HH8FU35Y;☑;
HHKE6ULY;☑;
HHNC3JZ9;☑;
HHT3RYFG;☑;
HHY3JU9Q;☑;
HJ4P4GHH;☑;
HJBHD9NJ;☑;
HJSAW2XA;☑;
HJY6S34L;☑;
HK7FMSR9;☑;
HKCBQU85;☑;
HKJA2PJX;☑;
HKLCZ8CE;☑;
HKPGN977;☑;
HL2DDV7X;☑;
HL56QASK;☑;
HL89LNNK;☑;
HLBH67CB;☑;
HLCM4R52;☑;
HLDLGRT2;☑;
HLJCKHKW;☑;
HLLBFBP5;☑;
HLT49AXK;☑;
HLTH2M3K;☑;
HM5YAOFB;☑;
HMS4P8T5;☑;
HMS9TYMV;☑;
HMZEGVET;☑;
HNGB8B2Y;☑;
HNL6KW2A;☑;
HNQAJSVN;☑;
HOVMAQDP;☑;
HP4CIZQK;☑;
HPJU5BR6;☑;
HPKJ5PXN;☑;
HPQLZ5P5;☑;
HQ686NLG;☑;
HQ6GV4PA;☑;
HQDDDLJJ;☑;
HQLFBAJO;☑;
HQO73X1N;☑;
HQP7JCGC;☑;
HQVDBF0R;☑;
HR36627H;☑;
HR63R94X;☑;
HRK39JKD;☑;
HRVMHF5W;☑;
HS7JPDAH;☑;
HSA4XL33;☑;
HSBSTX4P;☑;
HSEW5WXD;☑;
HT7TUAGR;☑;
HT9QVAEU;☑;
HTBFR2CM;☑;
HTHPRAC3;☑;
HTMA9CA4;☑;
HTR682U5;☑;
HTUHZX4S;☑;
HU5H7898;☑;
HUUSPQ4N;☑;
HVD6MBSE;☑;
HVPMYR2Z;☑;
HW95OZZ4;☑;
HWA3BQQD;☑;
HWQ4NMVC;☑;
HWYTQRWA;☑;
HXFT4ZWZ;☑;
HXME4EGD;☑;
HXURTPRS;☑;
HY3CPCUR;☑;
HYVWXHJS;☑;
HYX5GHE9;☑;
HYYMFDAT;☑;
HYZVSG4W;☑;
HZBEHTDH;☑;
HZLHYY9H;☑;
I2LQRO0O;☑;
I4Q9DBCJ;☑;
I4R1N46A;☑;
I5CDK8ZC;☑;
I9LS72H5;☑;
IB8T9ALD;☑;
ICDV9KGK;☑;
ICG2KRJB;☑;
ICXLBS87;☑;
IE4NG2YP;☑;
IE5W796K;☑;
IG0X17BG;☑;
IGWIBEHA;☑;
IIJJWDGD;☑;
IIWPD8SU;☑;
IJ3HD9AI;☑;
IMY191KY;☑;
IS3TV96J;☑;
ISZVRO7I;☑;
IXNJ1A1K;☑;
J01TXK7G;☑;
J27V2MLM;☑;
J2CKPH76;☑;
J2E2E98Q;☑;
J2MKM6J5;☑;
J2TBRBRB;☑;
J2V39TMD;☑;
J2ZRUZF7;☑;
J34Q8NWD;☑;
J36PJEVE;☑;
J3EEA7TE;☑;
J3U7CDUD;☑;
J3UK86QM;☑;
J4CKDDY1;☑;
J4E9G5UP;☑;
J4F2HIVL;☑;
J4MAW4PT;☑;
J4PC9A3O;☑;
J4W5M4Z8;☑;
J58NUSAM;☑;
J58SXTZG;☑;
J5CF25UW;☑;
J5Q75Z6T;☑;
J62UE3UJ;☑;
J65WRTJM;☑;
J6AWMAMR;☑;
J6CH227D;☑;
J6DHAUAU;☑;
J6HZYT94;☑;
J6J24KD2;☑;
J6KEGPU2;☑;
J6QYXEZZ;☑;
J6U66JFK;☑;
J72PCCHX;☑;
J74TTGTT;☑;
J79WLSE9;☑;
J7B2TFTK;☑;
J7CZNKGG;☑;
J7LT6L4M;☑;
J7V8C6YG;☑;
J89C2XAY;☑;
J8FDHURV;☑;
J8MNT1UY;☑;
J8QGJBB3;☑;
J8V7W7KT;☑;
J8ZNH8L5;☑;
J93UC6YT;☑;
J94R6L1K;☑;
J9HNI86R;☑;
J9UUJK8J;☑;
JA17D5W0;☑;
JA9SXASJ;☑;
JALWYUFJ;☑;
JB35UHPQ;☑;
JB6FJRR9;☑;
JBTJP4N4;☑;
JBX93NP7;☑;
JC2UTAQM;☑;
JC2Z7LXR;☑;
JC78U5ZI;☑;
JC88K68N;☑;
JCAE3XTL;☑;
JCMHZP9L;☑;
JCRUV5XZ;☑;
JCSGIGH2;☑;
JCT7VJE2;☑;
JDDK24TL;☑;
JDHAAWVM;☑;
JDMP05GX;☑;
JDMU4FK8;☑;
JDXRKSGW;☑;
JDY4W77C;☑;
JE2EMH9W;☑;
JE69GMDY;☑;
JEADYS89;☑;
JENEHHZ5;☑;
JF62ZLN5;☑;
JF8GCMGM;☑;
JFHUEVKT;☑;
JFJQVY5X;☑;
JFWMWPA8;☑;
JG2QV4UW;☑;
JG5Y9T5K;☑;
JGEV852V;☑;
JGH48A2N;☑;
JGKFEQ7E;☑;
JH66BG5Y;☑;
JHDA2KDY;☑;
JHDJQ229;☑;
JHHBG3AQ;☑;
JHTM4V79;☑;
JHUKMAFS;☑;
JIRBE277;☑;
JJ26NQ28;☑;
JJ3YBKBV;☑;
JJ7ZC2DW;☑;
JJAY5FZN;☑;
JJENJLYM;☑;
JJLAC5JF;☑;
JJMNXB4E;☑;
JK52UXH5;☑;
JKRJ246E;☑;
JKTR89FL;☑;
JKXYG2BN;☑;
JL88G8BT;☑;
JLE5ADZ6;☑;
JLF3H4DY;☑;
JLH35S8Q;☑;
JLLA5RDQ;☑;
JLSNZEC3;☑;
JM5ZAX9U;☑;
JMASFWSE;☑;
JMCM9MZ5;☑;
JMDWB8VR;☑;
JMN2T9CZ;☑;
JMV7UXRK;☑;
JNT7S77R;☑;
JNTQJO4B;☑;
JP4ZH2VZ;☑;
JP8HNQWG;☑;
JPCQV79R;☑;
JPJKWMPW;☑;
JPVGFRRC;☑;
JQ2B4XZB;☑;
JQ2LWNWT;☑;
JQ36JG43;☑;
JQELZDPE;☑;
JQNCXSH2;☑;
JQU6VRYC;☑;
JRE5HGAZ;☑;
JRPT2WBZ;☑;
JRTG95VH;☑;
JS5A677M;☑;
JSD9MVGY;☑;
JSPXN947;☑;
JT2JJU6O;☑;
JT7C19M8;☑;
JTBQRY9B;☑;
JTDRWPGJ;☑;
JTG39PXS;☑;
JTLRETCG;☑;
JTPWPPGK;☑;
JTRQ4CXC;☑;
JTSHBNBP;☑;
JTWJ9MJF;☑;
JUDFLXKN;☑;
JUHV5LKF;☑;
JUIHJN80;☑;
JUJ6PEG2;☑;
JULNW9RN;☑;
JULWV7FL;☑;
JUMT9KRA;☑;
JUUW7JJM;☑;
JV3T2HW6;☑;
JVH7UB8F;☑;
JVHNUJS2;☑;
JVJ2YKCJ;☑;
JW9T53RA;☑;
JWLYFMMS;☑;
JWMDVMZ7;☑;
JWZJQF49;☑;
JX6BADSH;☑;
JXDAFAQC;☑;
JXJ3L6LU;☑;
JY0D5MUK;☑;
JY2TJ736;☑;
JYH8LYGP;☑;
JYK4LPQZ;☑;
JYUFGSQP;☑;
JZBHFG52;☑;
JZDVUMR6;☑;
K1LLSX5F;☑;
K1UPKQDB;☑;
K2BW4PTB;☑;
K2HBMVH8;☑;
K2LM6DIV;☑;
K2Y2LTWW;☑;
K35FV8KD;☑;
K3CUVBR5;☑;
K3CYSF3G;☑;
K3JNZ9MZ;☑;
K3MDZGLX;☑;
K3SMENXC;☑;
K3Z8WX29;☑;
K424RT97;☑;
K4FM8AJS;☑;
K4KCGLNR;☑;
K4N3GNJR;☑;
K4UAN2B8;☑;
K53M463B;☑;
K55HQZWA;☑;
K582P48U;☑;
K5BTTD2C;☑;
K5JTMZB5;☑;
K5V6ENQ4;☑;
K6MDZK86;☑;
K7C64GJR;☑;
K7Y3D4Y7;☑;
K82L8DVY;☑;
K8GFAUN9;☑;
K94SJHES;☑;
K9BX7VJH;☑;
K9S4P4S9;☑;
K9SW7LHC;☑;
K9W8K6VM;☑;
K9XKV56Z;☑;
KA24DVB2;☑;
KA5M84WN;☑;
KA849WET;☑;
KAUTE6AV;☑;
KAV4DKE8;☑;
KAVTSC72;☑;
KAYQCY9G;☑;
KB1CJJ4A;☑;
KBP6LFJL;☑;
KBQ67HH9;☑;
KBQ82REC;☑;
KBZQ6KW8;☑;
KCEEN97F;☑;
KCN6QZUY;☑;
KCXWT2FF;☑;
KD5G9CN2;☑;
KDCJJ88Z;☑;
KDEZTQ92;☑;
KDVWSN2H;☑;
KEJHFBMS;☑;
KEUTNV4P;☑;
KF53MSX4;☑;
KFEHJ2VL;☑;
KFPX5X4R;☑;
KFT3FN4Z;☑;
KFYYNS2C;☑;
KG9WX34X;☑;
KGEKP3X8;☑;
KGH5N3JW;☑;
KGTFAN92;☑;
KGZ9KDZ9;☑;
KHGMDSYG;☑;
KHLCK8JX;☑;
KHNN7M6Y;☑;
KHRYBVJZ;☑;
KHYUPXF6;☑;
KHZ4MEAG;☑;
KHZDG7H4;☑;
KI16QRSN;☑;
KI3N5CQ8;☑;
KJ6ZQH9P;☑;
KJ8ABLH6;☑;
KJBKE4QE;☑;
KJC2DP42;☑;
KJCXL8SA;☑;
KJE9TLM9;☑;
KJGP8TJA;☑;
KJJQUGLR;☑;
KJKBEH7G;☑;
KJXMP0U2;☑;
KJXZSGNG;☑;
KJY9TS8N;☑;
KK8MY5TB;☑;
KKSMXEZF;☑;
KL3YYNFK;☑;
KL96RRUB;☑;
KLQE9UMN;☑;
KMGSUR8J;☑;
KMLDARNK;☑;
KN28NPMR;☑;
KN3N4UR9;☑;
KN4XZ9XT;☑;
KN8887FZ;☑;
KN94WYU5;☑;
KNBYEQGK;☑;
KNMPUEGF;☑;
KP27ZU3Z;☑;
KP2TW3GC;☑;
KPAHZT87;☑;
KPV85TQN;☑;
KPYH8EVG;☑;
KQ2BQ59C;☑;
KQ6Y6G6S;☑;
KQF5BEXD;☑;
KQNPYRG2;☑;
KRAG2VVD;☑;
KRGZWHB7;☑;
KRJGP9EP;☑;
KRN6YSM9;☑;
KRQ3MWDS;☑;
KRVALWSP;☑;
KSBXVQ8N;☑;
KSD5CVEK;☑;
KSTDANSG;☑;
KT66FZBH;☑;
KTB58LLV;☑;
KTBB8HAA;☑;
KTDEM5RN;☑;
KTGRMW7X;☑;
KTLRYG6W;☑;
KU3T9D9C;☑;
KU9DXF9C;☑;
KUGSBUD3;☑;
KV5DWO0E;☑;
KVA8C8GP;☑;
KVQ7ZAB9;☑;
KVRPGPDE;☑;
KVZ63OT7;☑;
KW3FYZFZ;☑;
KWH6WAZC;☑;
KWLXTXHX;☑;
KWUADN34;☑;
KX3PHX3E;☑;
KX643XX7;☑;
KX9KSNU8;☑;
KXE8QR2H;☑;
KXF827F3;☑;
KXN89V8Z;☑;
KXRXY37N;☑;
KXUBH4EP;☑;
KXUPMQO7;☑;
KY4VBKB2;☑;
KY83JK4T;☑;
KYAGR26X;☑;
KYDL4PPP;☑;
KYRNSY56;☑;
KYSB9L6S;☑;
KZ8GIGJC;☑;
KZ8YSG2U;☑;
KZJGD3F2;☑;
KZY9HUGJ;☑;
L0OPJ2ZW;☑;
L181QQIJ;☑;
L1KJ4VSN;☑;
L3WRMGM7;☑;
L41C4GDH;☑;
L42F2LZ5;☑;
L42KZP7X;☑;
L4BTDLKD;☑;
L4FBJCQB;☑;
L4KAXE9T;☑;
L4ZHG5PH;☑;
L54XELT8;☑;
L5AQ3CL5;☑;
L5OS3YN2;☑;
L5S9P9BQ;☑;
L5VNYMNC;☑;
L5WWKN5S;☑;
L65UJMM9;☑;
L6F3PZGM;☑;
L6F4M8U4;☑;
L6SHNDXV;☑;
L6UFBE9U;☑;
L7D6QNMS;☑;
L7XFTSH2;☑;
L9A6RANQ;☑;
L9KRPSCT;☑;
L9S2XL9H;☑;
L9TAD2PT;☑;
L9WXXN7C;☑;
LA2B2XJN;☑;
LA6AKQK5;☑;
LAEEQFDF;☑;
LAG9PP35;☑;
LAGKPAQD;☑;
LANXYU5K;☑;
LAVMHLW1;☑;
LAY4KS6W;☑;
LB5NQVUL;☑;
LBEJUMP5;☑;
LC8RKW3D;☑;
LCAAV77E;☑;
LCHQNLVU;☑;
LCHVLG83;☑;
LCY3NLWT;☑;
LDD772TF;☑;
LDNLLGW5;☑;
LDPVDRPH;☑;
LDZCQCRB;☑;
LE81IMPH;☑;
LEFYPUPZ;☑;
LEQXTY86;☑;
LF6FBH5Z;☑;
LFF5WENQ;☑;
LFJGG3D7;☑;
LFMMHSJD;☑;
LFULN2A3;☑;
LFVBSUBV;☑;
LG5TQ4SE;☑;
LGCAAVS5;☑;
LGEY5WRS;☑;
LGGEUZKN;☑;
LGKSYXN4;☑;
LGRQF2P9;☑;
LGTW6GNU;☑;
LH5ZMAHU;☑;
LH8OHWRY;☑;
LH93KH2H;☑;
LHRNFF33;☑;
LJ22ZLU4;☑;
LJ38SS26;☑;
LJ6B2DZP;☑;
LKQC9ZNT;☑;
LKSMPUME;☑;
LL2KZC3G;☑;
LLFGTF8E;☑;
LLJ77ZNK;☑;
LM5CUBY2;☑;
LM6JE5UH;☑;
LM7ZZGFU;☑;
LMJ8ATDB;☑;
LMN53GLW;☑;
LMR56KTE;☑;
LNBVULCU;☑;
LNJP8HQX;☑;
LNKUDQG6;☑;
LNTLP9JS;☑;
LNTZUU38;☑;
LNUN2SQ7;☑;
LNZ3YNBY;☑;
LO959YJ4;☑;
LP4KDQ1W;☑;
LPBZZB8S;☑;
LPDBU9Y8;☑;
LPW9YRPP;☑;
LQBW6RR8;☑;
LQH7YTL2;☑;
LQNCKMVG;☑;
LQU75V84;☑;
LQUPWCZ5;☑;
LQWJKCCC;☑;
LQXX59AE;☑;
LRHT95FH;☑;
LRLN533W;☑;
LRVNPUNW;☑;
LS2GNBK3;☑;
LS7HV3GY;☑;
LSE7H4PB;☑;
LSJ6ALGW;☑;
LSJZK5K4;☑;
LSPZMY9T;☑;
LSRH1ZBY;☑;
LSSEUHQ9;☑;
LSU25BA6;☑;
LTTNY9J9;☑;
LU4L6U7Z;☑;
LUGAUC3B;☑;
LUGSPF3K;☑;
LUHKMB5V;☑;
LUMTEBPY;☑;
LUW8RVWB;☑;
LUWPQ3NK;☑;
LV3K9H5D;☑;
LV435XNT;☑;
LV4YT29B;☑;
LV74YSHH;☑;
LVDP9TT8;☑;
LVG4UE4F;☑;
LVHZL89M;☑;
LVWUE43B;☑;
LVZIJWCA;☑;
LW9A6FP8;☑;
LWPMHDXV;☑;
LWQRTTW3;☑;
LXBWNGLW;☑;
LXQ2D6LG;☑;
LXVJ234P;☑;
LXW3N1S0;☑;
LXYI086T;☑;
LXYTGGSQ;☑;
LY593ATT;☑;
LZ2MZM7C;☑;
LZC9X3FY;☑;
LZQDAJ8U;☑;
M0E2EFXA;☑;
M171KJ6O;☑;
M2M5Q3PH;☑;
M2MRBNKZ;☑;
M2ZFVEQS;☑;
M33S4IEJ;☑;
M3E69QZ9;☑;
M3E9W1IB;☑;
M3S9HFPJ;☑;
M4AJNM3P;☑;
M4FVGPDM;☑;
M4RWDQT4;☑;
M4SDEPJ8;☑;
M56KW49K;☑;
M56UZJQK;☑;
M6AFP8F2;☑;
M6BNXHKP;☑;
M6CLGGVL;☑;
M6K8J8EV;☑;
M6N9HXTF;☑;
M6QY7GG8;☑;
M6TEJHVW;☑;
M79YAD2T;☑;
M7USMR98;☑;
M86C88JT;☑;
M8O149PQ;☑;
M8PJSYB1;☑;
M922GE5E;☑;
M94XR15T;☑;
M96XUVQP;☑;
M98TM4AU;☑;
M9H8RMW6;☑;
M9R4X9BN;☑;
M9S69K4Q;☑;
MA7XQ5EQ;☑;
MACSS6WY;☑;
MADNQJGP;☑;
MATQTH02;☑;
MB1GI284;☑;
MB2SUXHH;☑;
MBQKAKY6;☑;
MBUURMMZ;☑;
MBWESRQD;☑;
MBZA2GMH;☑;
MC49ZS9L;☑;
MC8GTGZG;☑;
MCKALVL3;☑;
MCV6QLWG;☑;
MCYZRS9M;☑;
MD4APJG8;☑;
MDBXG4DK;☑;
ME9DNT2V;☑;
MEAY3B5P;☑;
MEB987YY;☑;
MEHTY9JR;☑;
MENUL2ZD;☑;
MEPXCEX3;☑;
MEZN0UEC;☑;
MF4CF57B;☑;
MFBRB34J;☑;
MFDLT96Z;☑;
MFHSSMV7;☑;
MFM2U8U5;☑;
MG7YTWK0;☑;
MGC3AZKA;☑;
MGLHF7UM;☑;
MGQG6SXZ;☑;
MGRYQFRX;☑;
MH3SUZY8;☑;
MHAH3MLC;☑;
MHTMQXST;☑;
MHWV8289;☑;
MJ2LDG43;☑;
MJE8XY6L;☑;
MJEV5LKF;☑;
MJVPZ6ZR;☑;
MK3UGT5C;☑;
MKGU9JNT;☑;
MKUJ7UMG;☑;
ML3KE9Q8;☑;
MLDQQRAC;☑;
MLFLV7QR;☑;
MMCEE35H;☑;
MMCW6ZR8;☑;
MMDNPT6C;☑;
MMEM5CH2;☑;
MMENVHVF;☑;
MMEZU3VA;☑;
MN2XWYHC;☑;
MNJN9G3M;☑;
MNUFVEDV;☑;
MNV9FLNF;☑;
MO6YQPWV;☑;
MOQ5LRKF;☑;
MP36QFQL;☑;
MP68TRFU;☑;
MPZK3H59;☑;
MQ80THJ8;☑;
MQJEPNSX;☑;
MQQKGYNF;☑;
MQWVN33S;☑;
MR2S59NX;☑;
MRT8SNXK;☑;
MSDGWGEA;☑;
MSF2RN4Z;☑;
MSHW646I;☑;
MST3E9RG;☑;
MSWNKNLM;☑;
MT2LEPY4;☑;
MT82DJPS;☑;
MT8U4A34;☑;
MTMAYKA8;☑;
MU24V2CW;☑;
MUEWJBGP;☑;
MUG77YXP;☑;
MUHTHW43;☑;
MUSJME4X;☑;
MUXFHCFR;☑;
MUZU96B8;☑;
MVCMP2G8;☑;
MVH56PUJ;☑;
MVHCPHYW;☑;
MVNW5F8N;☑;
MW6CEP37;☑;
MW7AV4WU;☑;
MWJVQ9D4;☑;
MWQ8PPD3;☑;
MX7PUSVT;☑;
MXR7W7VC;☑;
MXX6X4JA;☑;
MY52B6AV;☑;
MY9FX92M;☑;
MYKGCY4S;☑;
MYP8H4AG;☑;
MYQMRJC6;☑;
MZTZ60W4;☑;
MZWG9QQ2;☑;
MZZ6XZHW;☑;
N04VWFMM;☑;
N0YEDJVM;☑;
N27A9KHL;☑;
N2N6IWA7;☑;
N2T7KYLS;☑;
N2TJGQTX;☑;
N37U509F;☑;
N3TGUQR8;☑;
N3WQ7B3G;☑;
N45USKHF;☑;
N4ADJTUB;☑;
N4P288JH;☑;
N52QZSCC;☑;
N5A52F2C;☑;
N5ASN849;☑;
N5FNM89U;☑;
N5LCLSS6;☑;
N5QZLUU3;☑;
N5TU3AXO;☑;
N64EHF4C;☑;
N65X63SU;☑;
N6AUXFQC;☑;
N6EGUC3H;☑;
N6FG9T5Q;☑;
N7A9LRS9;☑;
N7BZEQ0S;☑;
N7EVU5QB;☑;
N7HJYWVT;☑;
N842HRVJ;☑;
N85MD8TM;☑;
N8LRWLKT;☑;
N8MVXUYE;☑;
N9BPJBW2;☑;
N9DU8GKE;☑;
N9TB4MC3;☑;
N9YPAQGT;☑;
NAC735J2;☑;
NAKCJXYV;☑;
NATZCTCL;☑;
NAU7EF59;☑;
NBBYYA5S;☑;
NBMABF5Z;☑;
NBN5JZLB;☑;
NBOTH8UZ;☑;
NC4MQXLW;☑;
NC5D4S2Z;☑;
NC92EN1N;☑;
NCK58HVT;☑;
NCK6Q5J4;☑;
NCSAGVTC;☑;
NCUAQ8WH;☑;
ND22N83G;☑;
ND28XAXV;☑;
ND6CSSV5;☑;
NDEEK8ZB;☑;
NDMMS8NM;☑;
NDP23EML;☑;
NDRZZXU8;☑;
NDSBDZPM;☑;
NDVFLUVN;☑;
NDYZ6ZB8;☑;
NE4HQH4T;☑;
NEFRX92T;☑;
NEJTBKHS;☑;
NEW1UDVY;☑;
NF2QER84;☑;
NFGVLN7M;☑;
NG7JDJD8;☑;
NG8L7XJR;☑;
NGEJHY89;☑;
NGF3MPXB;☑;
NGYWURMB;☑;
NGZ8BVVC;☑;
NH4PF78M;☑;
NHC4HM6G;☑;
NHKYAFG5;☑;
NHXYS3HG;☑;
NIDDZ1Y2;☑;
NJ5UZJKT;☑;
NJDB2MLZ;☑;
NJMVDG8C;☑;
NK76D6JQ;☑;
NKF5P9DT;☑;
NKTRRXAC;☑;
NKYTV32D;☑;
NL4FT7FT;☑;
NL9WXS7Y;☑;
NLFGTWAN;☑;
NLJG4LXK;☑;
NLTZKQSF;☑;
NM27AVNQ;☑;
NM2BYE55;☑;
NM9A9V7C;☑;
NMB3T8YW;☑;
NMJG7P2E;☑;
NMTX3OUB;☑;
NMZH27KH;☑;
NN6NGRXZ;☑;
NNWKFVT6;☑;
NNX0QSLC;☑;
NP2PQXVM;☑;
NP6VSS3N;☑;
NP9XT3SB;☑;
NPDBW658;☑;
NPTZWCJS;☑;
NPVH49LX;☑;
NQNSZ6AA;☑;
NR8RDSDS;☑;
NRA52CSN;☑;
NREMNYAS;☑;
NRGXAUWW;☑;
NRP9UDLE;☑;
NRS9TBVP;☑;
NRSNCSRG;☑;
NRSY6NK2;☑;
NSDE8YUM;☑;
NSFNPB9L;☑;
NSMHYXUC;☑;
NSWARY3H;☑;
NSWSFTLG;☑;
NSYVLRVH;☑;
NT2HU9AV;☑;
NTN94429;☑;
NTPWMEGN;☑;
NTT4DEQV;☑;
NU1VCEP5;☑;
NU6G2QHL;☑;
NULSJJDR;☑;
NUTMDK9N;☑;
NV7EX8H2;☑;
NVYWY2XR;☑;
NW2FUCHV;☑;
NW2XZ287;☑;
NWJ7M8MX;☑;
NWL8L3TK;☑;
NWLMJMHZ;☑;
NWVCH34R;☑;
NX7FFSN4;☑;
NX94GLKL;☑;
NXDU46PE;☑;
NXFHSHJR;☑;
NXJB4CLA;☑;
NXVJECNA;☑;
NXZLSBHJ;☑;
NYNDAH4F;☑;
NYP6KN2B;☑;
NYQPHJBA;☑;
NYTKAY4M;☑;
NYUR1QVE;☑;
NZ2FZPCG;☑;
NZB9SSPG;☑;
NZFB8WSD;☑;
NZUJQXF7;☑;
O05TATWM;☑;
O081770H;☑;
O0V8CNXN;☑;
O1ZESF71;☑;
O3WC8ZO1;☑;
O4S5PFWJ;☑;
O85LPASC;☑;
OCFU7SU0;☑;
ODBO5XGX;☑;
ODWZRTWW;☑;
OFY367R2;☑;
OGHKX0UR;☑;
OHDIU1CH;☑;
OI4GW7V7;☑;
OJO75NQX;☑;
OJWH8CPL;☑;
OM9YUIZG;☑;
OND4OTTO;☑;
ONIT1DHQ;☑;
OQP40XTL;☑;
OS8A62SF;☑;
OZPL2YI5;☑;
P0JSA6SI;☑;
P223LFVW;☑;
P2GOFWOM;☑;
P2HCKZAZ;☑;
P2J8SEPJ;☑;
P2MUPV36;☑;
P39HZF6K;☑;
P3GWG44H;☑;
P4CCAWKS;☑;
P4JXEBW7;☑;
P4T867W2;☑;
P4UU6DN9;☑;
P4ZB4HL3;☑;
P533A4SC;☑;
P5E33XGS;☑;
P5G4L6D6;☑;
P5NF8DDN;☑;
P5Q4T4HY;☑;
P5ZYGK2R;☑;
P6SMHM2Y;☑;
P6YLBNAK;☑;
P7AM5RJW;☑;
P86KJKVB;☑;
P89A8MZL;☑;
P8DW2KE8;☑;
P8MUC79U;☑;
P8NXL2WE;☑;
P916Z07O;☑;
P93TY4NV;☑;
P946WPZG;☑;
P96UJKX2;☑;
P97V4PLU;☑;
P9JG56DA;☑;
P9TYCXFL;☑;
PALFJTTY;☑;
PAN3LC8U;☑;
PAN3Z57W;☑;
PATQBMSN;☑;
PB75E3AF;☑;
PBJFVZCU;☑;
PBK9HGJ0;☑;
PBLJS2XX;☑;
PBUKW7FG;☑;
PC352N8B;☑;
PCKNSR5J;☑;
PCWRVAGS;☑;
PCXFV862;☑;
PD26609J;☑;
PD5TNOSR;☑;
PDLNFHJ9;☑;
PDPCPHUS;☑;
PEK5VPJ6;☑;
PEL92YZ2;☑;
PEQQQHFY;☑;
PERL6Z8H;☑;
PFI9P6CK;☑;
PFLNJ72N;☑;
PFXY5MLW;☑;
PG3A8KQN;☑;
PGCR26JH;☑;
PGKXH9PX;☑;
PH8HPLDS;☑;
PHSQ4DVS;☑;
PJ5NV9PD;☑;
PJ7VZ84E;☑;
PJ8Y5DAS;☑;
PJBZRN2G;☑;
PJYPTC9R;☑;
PK4D789H;☑;
PKCXD7SE;☑;
PKDM7QGM;☑;
PL2HGLS7;☑;
PL59RFU9;☑;
PL83W5EK;☑;
PL9TJ5VV;☑;
PLMJGGA3;☑;
PM667K37;☑;
PMENLYDR;☑;
PN9PG9YP;☑;
PNKHGTHG;☑;
PNNF6XGB;☑;
PNQ7JXRA;☑;
PNVYTLTN;☑;
PNW99KFB;☑;
PP5AJS4M;☑;
PPBXGUYP;☑;
PPJ3KN5A;☑;
PPK47BMB;☑;
PPNN3KS8;☑;
PPWBRLFN;☑;
PQAWCKA2;☑;
PQKNBUJN;☑;
PQNZNKBS;☑;
PR0DE5SI;☑;
PR2BMAWN;☑;
PR35N98K;☑;
PR66FR4C;☑;
PRC6ZXPY;☑;
PRDR3RZQ;☑;
PRFPHLK5;☑;
PRH2D8LA;☑;
PRKDFWAF;☑;
PS4HHNTN;☑;
PS6D6D89;☑;
PSJR7ZDQ;☑;
PSQ9CJML;☑;
PT3MPTFJ;☑;
PT6P9CBL;☑;
PT6SDAAU;☑;
PT7ZJXF7;☑;
PTFL8MFS;☑;
PU3J3UE4;☑;
PUHBGYJE;☑;
PUNHEVS6;☑;
PV8AWYJT;☑;
PVBRA79Z;☑;
PVJCK1V7;☑;
PVMCX2VA;☑;
PVQI6KUV;☑;
PWJFE3KW;☑;
PWRRXEMF;☑;
PWXHVMPW;☑;
PX9D58UW;☑;
PX9U6T16;☑;
PXPSL8LA;☑;
PXTZQ8YQ;☑;
PYHPP3HC;☑;
PYPRVA61;☑;
PYQ9URCM;☑;
PZ4GQK7J;☑;
PZ6DX8PF;☑;
PZ8KUG7V;☑;
PZ9JM79M;☑;
PZG679CD;☑;
PZGQHZP2;☑;
PZP86NGQ;☑;
Q288HFZZ;☑;
Q2QLNJBH;☑;
Q2WQX376;☑;
Q39QMT4Q;☑;
Q3DV9S3T;☑;
Q3XRZDG4;☑;
Q42QBAGR;☑;
Q45RAFKM;☑;
Q46H4MQU;☑;
Q4DCEWUJ;☑;
Q4ESLB55;☑;
Q4JV4HAN;☑;
Q54CAE72;☑;
Q563WVT3;☑;
Q56RZGKA;☑;
Q57GC5JP;☑;
Q59GFLJ3;☑;
Q5DG8NHL;☑;
Q5EVTPRG;☑;
Q5VU765G;☑;
Q5VWY6YF;☑;
Q675XSRX;☑;
Q6MJEY2A;☑;
Q6TASNJV;☑;
Q6UUDE84;☑;
Q6V8KUPC;☑;
Q78Z6E8K;☑;
Q7FX34V3;☑;
Q7KD5PA5;☑;
Q7WPJCT9;☑;
Q8GFLEBB;☑;
Q8HUH67P;☑;
Q8L98B4S;☑;
Q95PWRLT;☑;
Q98XZRX4;☑;
Q9EE2SPY;☑;
Q9G6VT98;☑;
Q9KNMCX6;☑;
Q9MXS5BJ;☑;
Q9YCCEWW;☑;
QA5N7ZRX;☑;
QA7KZXWL;☑;
QAHJ9AML;☑;
QAMGJCWC;☑;
QBKPMKKC;☑;
QBMMGM2G;☑;
QC17K1DM;☑;
QC1CBCIE;☑;
QC4E4QTF;☑;
QC5XJY5N;☑;
QC7SS6G5;☑;
QC8BG8TH;☑;
QCAEL9RT;☑;
QCD8YYSP;☑;
QCJ5P6YD;☑;
QCU1FPKM;☑;
QDAACL32;☑;
QDG6XAYA;☑;
QDLJ5JU6;☑;
QDYQ25SS;☑;
QE6CU3L6;☑;
QE6Y5WDJ;☑;
QEUHCM5M;☑;
QEXG8WMG;☑;
QF4NFJNB;☑;
QF9CC634;☑;
QFG95HFY;☑;
QFMJNYVH;☑;
QG6PVAVG;☑;
QGC90JCB;☑;
QGDBRSA7;☑;
QGXX4PSB;☑;
QGZX2PP3;☑;
QH288UR5;☑;
QH56DQFB;☑;
QH7SB6V0;☑;
QH9QZMQN;☑;
QHMNDFA3;☑;
QHQJGZKV;☑;
QHR2ABGS;☑;
QJQA4XBL;☑;
QJRQ3ZSS;☑;
QK8BP7TG;☑;
QK9Z67FR;☑;
QKGXMEZ3;☑;
QL5E9GFS;☑;
QLHNNSZ3;☑;
QLKBH2Z5;☑;
QLRBRC4U;☑;
QLV64USV;☑;
QLVRAHX6;☑;
QLZSGZX4;☑;
QM9Q8K77;☑;
QMAMU5AT;☑;
QMHWUMBU;☑;
QMMHC5ET;☑;
QMXLTU85;☑;
QN27RFDB;☑;
QN7FJ7EG;☑;
QNLE3KDL;☑;
QOWPFZAF;☑;
QP2XFY88;☑;
QP3CAGXN;☑;
QPJCA46E;☑;
QPLDTDQB;☑;
QPUW34KS;☑;
QPXE5YXC;☑;
QQ5YXXWV;☑;
QQ7NSE6N;☑;
QQC2HH75;☑;
QQLK4MWM;☑;
QQLK69JH;☑;
QQRMMGE9;☑;
QQZ4AX5D;☑;
QR4LN2GX;☑;
QR6JJCR2;☑;
QRF8B4E8;☑;
QRGKL6E6;☑;
QRPZ5CQJ;☑;
QRYS554K;☑;
QSAC3OT8;☑;
QSVE8GGL;☑;
QT8R58MW;☑;
QTAGAFA2;☑;
QTAL9ENU;☑;
QTDEEJ5A;☑;
QTTFGQQ5;☑;
QTU6SKHY;☑;
QU78NCLP;☑;
QUFZ4MKT;☑;
QUHASWSL;☑;
QUL2A5HG;☑;
QULVCQ35;☑;
QUO63O1K;☑;
QUQUQHWG;☑;
QUS35GMF;☑;
QUW2QTXD;☑;
QUWMCE8C;☑;
QV23ZKA8;☑;
QVBXVC4M;☑;
QVXUY2JK;☑;
QVY86SW0;☑;
QWL8AM4G;☑;
QWUZTHRT;☑;
QWVZSF32;☑;
QXHVYLMF;☑;
QXP5VZYY;☑;
QXTS2R9T;☑;
QXUZPSRH;☑;
QY1VOKZU;☑;
QYC3636M;☑;
QYLPLHUV;☑;
QYNBE9UY;☑;
QYU3U93R;☑;
QYUQR3EA;☑;
QYYLQ4P6;☑;
QZ8QHCBZ;☑;
QZC4GXJB;☑;
QZIN1QK3;☑;
QZN3Q4JS;☑;
QZNQLLAV;☑;
QZYJ52XD;☑;
R0F6ZOIY;☑;
R2J7EZ83;☑;
R34GX5YP;☑;
R36JZ3ER;☑;
R3A58RDJ;☑;
R3PW96RY;☑;
R3X4PJST;☑;
R445JWAE;☑;
R4A6SL92;☑;
R4C89P2F;☑;
R5LKF6EG;☑;
R5M0N74U;☑;
R5TR23KB;☑;
R5UWBBX9;☑;
R628FA2N;☑;
R664KXRJ;☑;
R66FFWLW;☑;
R68MSJEE;☑;
R6C9PC8G;☑;
R6CUNDB3;☑;
R6PMMEWF;☑;
R6YS33ZV;☑;
R7FVVC5B;☑;
R7HPHTT3;☑;
R82STNHH;☑;
R86UG5W9;☑;
R8DZY3U7;☑;
R8J5CFHL;☑;
R8JM98GC;☑;
R8W6G9AN;☑;
R98FDTFX;☑;
R9BBM4TV;☑;
R9QMH65C;☑;
RASKFLLS;☑;
RAX4MKTE;☑;
RAXW44JU;☑;
RBA3K6CT;☑;
RBDXLKGF;☑;
RBP9WWDS;☑;
RBVJJGTQ;☑;
RBX6C9GQ;☑;
RBYMW6XP;☑;
RC1RGET0;☑;
RC8YR4CZ;☑;
RC97R05H;☑;
RCCEXAY9;☑;
RCHC99GS;☑;
RCP5Q8SK;☑;
RCRNR8EU;☑;
RD7B6HYS;☑;
RDA9VU79;☑;
RDDJNVXT;☑;
RDEKC9B3;☑;
RDNDTQN4;☑;
RDNTPS49;☑;
RDQQMYXQ;☑;
RDZWY52S;☑;
RE64BG9Q;☑;
RENARRZ8;☑;
REOZZPUO;☑;
RESANMTM;☑;
RETXVXCG;☑;
RFJ6MYEV;☑;
RFLE2ZC9;☑;
RG6KL5PS;☑;
RGJRV7KE;☑;
RGN232PQ;☑;
RGQGXH6X;☑;
RHWZ5WX9;☑;
RI9PUTE4;☑;
RJ37V6JZ;☑;
RJEQ23GV;☑;
RJGBRV38;☑;
RJRQXUA5;☑;
RK9EHT4T;☑;
RL6W45PV;☑;
RLXGL2TE;☑;
RM8KRPNQ;☑;
RMBDZVPY;☑;
RMMVBNTR;☑;
RMVQNZPH;☑;
RMYMTK6D;☑;
RNFVKATM;☑;
RNS3NJ89;☑;
RO1IMJ1K;☑;
RP7KEJNA;☑;
RPLL7QGN;☑;
RPWUDVNB;☑;
RQ2HQ6T9;☑;
RQR6D53A;☑;
RR4GB2N5;☑;
RRA8EMZQ;☑;
RRD96PRJ;☑;
RRFHS87U;☑;
RRYFQ2RS;☑;
RRYJ0RFX;☑;
RSBHLRBB;☑;
RSRUEUJK;☑;
RSXV9YUB;☑;
RT5A7SPP;☑;
RT68UXFN;☑;
RT9CRVEW;☑;
RT9EAMAL;☑;
RTT2XVNQ;☑;
RTZ3XESV;☑;
RU42FHUD;☑;
RU503ODK;☑;
RU5DA896;☑;
RUGL4M34;☑;
RUN428AZ;☑;
RUNA73O8;☑;
RUTR84AK;☑;
RUULVPKL;☑;
RVCVVBJM;☑;
RVKWV4YV;☑;
RVL5E54X;☑;
RW9T6R5T;☑;
RWA3PZGZ;☑;
RWD77YKD;☑;
RWVUNAMQ;☑;
RXEKXFDY;☑;
RXHHV43W;☑;
RXHSJP5A;☑;
RXNTY2TJ;☑;
RXPM78HE;☑;
RXYA7XXB;☑;
RXYRXQAM;☑;
RY44EULD;☑;
RY5DTVWC;☑;
RY7ZQGAD;☑;
RYHRT66R;☑;
RYSKK5ZF;☑;
RYWF5FSW;☑;
RYYGJ729;☑;
RZGT7Z22;☑;
RZLJ2W8N;☑;
RZNQ8B8E;☑;
RZS3IA77;☑;
RZVRNNZW;☑;
S09119S4;☑;
S0SE3H1E;☑;
S1SHUVBB;☑;
S22GSMKM;☑;
S23EKSYV;☑;
S2E76Q24;☑;
S2TERS28;☑;
S2UMOCUF;☑;
S2XFNPBH;☑;
S2XJ76NH;☑;
S335WYGM;☑;
S33Z7UMK;☑;
S3CAS225;☑;
S3K4AFHX;☑;
S3VHCUFA;☑;
S496SEBG;☑;
S4DANUEU;☑;
S4XT7JRE;☑;
S4ZLCXSU;☑;
S5PUDAU4;☑;
S5QAHXKU;☑;
S69WRGLG;☑;
S6A5G27S;☑;
S6HUN9VS;☑;
S6MA8HZU;☑;
S6N4Q9BQ;☑;
S6U3EU38;☑;
S757PHGV;☑;
S7I8HUEZ;☑;
S7NYGQ7B;☑;
S7SNMW4M;☑;
S7TDGVUX;☑;
S7Y2VALP;☑;
S8L6B6JD;☑;
S8TS6YMT;☑;
S8U7FCU9;☑;
S8ZF2YR2;☑;
S96T6KXW;☑;
S96ZGP65;☑;
S9GMXFW7;☑;
S9PO6AY5;☑;
S9Q5TLSN;☑;
SAFMF653;☑;
SAG4D7RY;☑;
SAGYGFR2;☑;
SAZA7NGP;☑;
SB7V33KB;☑;
SBK7WTKO;☑;
SBKTRCFN;☑;
SBR2V352;☑;
SBRKDQ83;☑;
SBS2MHWX;☑;
SBW8NN72;☑;
SBZIZSPL;☑;
SC2EMBT4;☑;
SCBM82CN;☑;
SCCZJ7YJ;☑;
SDABX768;☑;
SDEXJXLN;☑;
SDJ5JMML;☑;
SDKW8JL6;☑;
SDL5LRY6;☑;
SDMMQGB2;☑;
SDWQWUEX;☑;
SE8P3DRJ;☑;
SECYEUWW;☑;
SEE6CS47;☑;
SEGJ358K;☑;
SENW63SA;☑;
SF8D2WLW;☑;
SF9449V3;☑;
SFA5UY04;☑;
SFE7S0HS;☑;
SFJRNMNE;☑;
SG542VMJ;☑;
SG5YFVHX;☑;
SGBNCD8G;☑;
SGJWLWZT;☑;
SGOHVJUF;☑;
SGY7REYY;☑;
SHF4GBAV;☑;
SHLWP387;☑;
SJ8GJ3S9;☑;
SJMEVEW6;☑;
SJNX6YFE;☑;
SJPULLKL;☑;
SJV2ERJ8;☑;
SKB8MR2S;☑;
SKBUUZQG;☑;
SKM5K8FP;☑;
SKTF9M3V;☑;
SKZ742NP;☑;
SL9SKPUY;☑;
SLHQWSPP;☑;
SLVMNXF5;☑;
SM87DCB8;☑;
SMHBUMPP;☑;
SMNJJ5J5;☑;
SMSK3NWT;☑;
SN357B7V;☑;
SN7ZJ729;☑;
SNJJM6U1;☑;
SNZ3WTNJ;☑;
SO72NAU3;☑;
SOT69XUE;☑;
SP8HUMLC;☑;
SPBT34XY;☑;
SPWYF4KK;☑;
SQ3QGDCZ;☑;
SQ74L6KK;☑;
SQ9E9VFS;☑;
SQCU228K;☑;
SQK4N3PW;☑;
SQPIO590;☑;
SQS6AL05;☑;
SR3ZXBFY;☑;
SRAG36CR;☑;
SS497K7Z;☑;
SS5M9NGW;☑;
SSFEOGSH;☑;
SSJ2TVED;☑;
SSK8XHK2;☑;
SSWUGCPL;☑;
ST84B6JB;☑;
STL9TW75;☑;
STQ9KN9Q;☑;
SUHFGATZ;☑;
SUL5J39F;☑;
SUMMGBGG;☑;
SUNRQ52U;☑;
SUSJPB3T;☑;
SVCVAJ3B;☑;
SVQ9324V;☑;
SVSHUCDQ;☑;
SVTPJ55C;☑;
SW6TYEDZ;☑;
SWK7RXZX;☑;
SWLFMDK9;☑;
SWREVYDU;☑;
SXGUMU7Y;☑;
SXPBH2C9;☑;
SXY63DR2;☑;
SXZRZUGQ;☑;
SY6L2TMZ;☑;
SY6REGYA;☑;
SYG9R3G5;☑;
SYJU8J6X;☑;
SYW7UHPJ;☑;
SYXZFNS9;☑;
SZ783WC2;☑;
SZAQUAUR;☑;
SZNXRSST;☑;
SZQGRUNY;☑;
SZUVMKRP;☑;
T0RM6LYR;☑;
T1682OL3;☑;
T1IKOEHU;☑;
T228NPCU;☑;
T2NJEZNV;☑;
T2XUDR4V;☑;
T37EUV5R;☑;
T3LBCN6M;☑;
T3LUBDSA;☑;
T3PGL2TJ;☑;
T46LAW5Q;☑;
T47CTJVS;☑;
T52BFT62;☑;
T5AGJWFD;☑;
T5FYP5KV;☑;
T5MCTJ73;☑;
T5MGRXS5;☑;
T5R3G72H;☑;
T5RZJQXB;☑;
T5X2DJCQ;☑;
T5YQVTMJ;☑;
T66ETCSX;☑;
T6QEJ6VN;☑;
T7CNPTL8;☑;
T7SY6EKE;☑;
T8LMAUSB;☑;
T8UHKU93;☑;
T8VMQ2QD;☑;
T8Y9JY69;☑;
T9K3DRMT;☑;
T9W4QKT8;☑;
T9Z2AVBD;☑;
TA2AUUES;☑;
TA3LGUMP;☑;
TAFE9848;☑;
TAJDP9YV;☑;
TAMTKU7G;☑;
TAQIESMA;☑;
TAR68MU4;☑;
TAYN9CEU;☑;
TAZM8UXT;☑;
TB5ZKU9X;☑;
TB9DK385;☑;
TBEPUQQS;☑;
TBQHUDIB;☑;
TBQZVNSV;☑;
TBSG35KF;☑;
TBTES2BH;☑;
TBWR8Y53;☑;
TBYP39XP;☑;
TCB7RNVR;☑;
TCF3R9BV;☑;
TCJHYR3A;☑;
TCT84676;☑;
TCUEAJ2Q;☑;
TCUJXYAC;☑;
TCZ9TA8L;☑;
TEVJMGW6;☑;
TEZMK76R;☑;
TF49A8WK;☑;
TFKSYBE6;☑;
TFLDJCGH;☑;
TFQ6VQQC;☑;
TFWTZUH5;☑;
TG1C2RSE;☑;
TG2423SB;☑;
TG2G4LPX;☑;
TG3TGFM6;☑;
TGJ1Q787;☑;
TGTQMH4S;☑;
TGZV6KPW;☑;
TH29USG3;☑;
TH4LTHZM;☑;
THCROLWK;☑;
THJJGSKS;☑;
THTSUFJZ;☑;
THUFDJYS;☑;
THUL5UV5;☑;
TJ4K52PZ;☑;
TJH74XFU;☑;
TJHA29MY;☑;
TJKWJ3UM;☑;
TJLHYGNL;☑;
TJNFUB22;☑;
TJT6SCC6;☑;
TJV79S8B;☑;
TKD497MD;☑;
TKEKMLX8;☑;
TKX78EQP;☑;
TL69VSED;☑;
TLAZBMWG;☑;
TLBZMW99;☑;
TLJGBJOA;☑;
TM33L57L;☑;
TMCZ8SX3;☑;
TMGC4TPG;☑;
TMJCEFUE;☑;
TMNV9BF3;☑;
TMVXETMQ;☑;
TMYB65TD;☑;
TN4CWLPR;☑;
TNC2NT7A;☑;
TNCJSRV3;☑;
TNF56DNJ;☑;
TNSZ4QGP;☑;
TNVKL667;☑;
TO4Z1C9P;☑;
TP2ZXVSK;☑;
TP93GALZ;☑;
TPHNG8RX;☑;
TPK5J26Y;☑;
TPK78Z3Q;☑;
TQ4EPLXR;☑;
TQDGU4BA;☑;
TQKHAKEQ;☑;
TQMM64HU;☑;
TQMYYZR3;☑;
TQS53GHB;☑;
TR3CSNDR;☑;
TRB27JCL;☑;
TRCLD3LS;☑;
TRE9XOL7;☑;
TRFB46L3;☑;
TRGU9BTY;☑;
TRW2OAL3;☑;
TS3QP9KQ;☑;
TS46T9TU;☑;
TSFE8EZV;☑;
TSH36DLM;☑;
TSK3BIZV;☑;
TT3DUGCB;☑;
TT4RMBRY;☑;
TTGH2WAK;☑;
TTLUB399;☑;
TTNLIAMY;☑;
TTT8R756;☑;
TUBTQDP6;☑;
TURSQQ7G;☑;
TUUSU27B;☑;
TV7NLS73;☑;
TVFCG4GV;☑;
TVLCV6EL;☑;
TVYEHA62;☑;
TW3963RJ;☑;
TW6DLDAL;☑;
TWCUG47H;☑;
TWVKN33Q;☑;
TXEPNZZ9;☑;
TY24DL3H;☑;
TY4T9JH6;☑;
TY7G42EK;☑;
TYTWU65S;☑;
TYUJQGE2;☑;
TZ23F79S;☑;
TZ5QSU6C;☑;
TZCPAKTU;☑;
TZNMHZ8P;☑;
TZYB25XH;☑;
U0P05OLA;☑;
U25DP733;☑;
U2EAJN8Q;☑;
U2JEAFA9;☑;
U2TEF97X;☑;
U32E99G8;☑;
U4W2LPV3;☑;
U4Y8MZGW;☑;
U4YCVHM9;☑;
U54KN3MK;☑;
U5DQS5UW;☑;
U5FE3UZP;☑;
U5FU33PP;☑;
U5VP8K7X;☑;
U5WBG2GZ;☑;
U69WD6XK;☑;
U6CGMFP3;☑;
U6FVK6DJ;☑;
U6QBNBHE;☑;
U6QX3N4E;☑;
U7293XJW;☑;
U7D9E3VJ;☑;
U7E9PGFQ;☑;
U7UDZ5NC;☑;
U7XLA7D4;☑;
U7ZJP53S;☑;
U82XUYBD;☑;
U83SL9JP;☑;
U84AL1QQ;☑;
U8KAD993;☑;
U97JDHBT;☑;
U97S55W2;☑;
U9HP7NZP;☑;
U9J37BJ5;☑;
UA25UL4N;☑;
UA6TPXX3;☑;
UA7Q3BS2;☑;
UACGWX65;☑;
UAD66LDE;☑;
UBA0HHRH;☑;
UBL4ZVJS;☑;
UBL6Q4MA;☑;
UBZA2WJY;☑;
UCKESDHB;☑;
UCQF9RTG;☑;
UCWYGA4H;☑;
UD2F59D8;☑;
UD6BGQJE;☑;
UDA2YNVR;☑;
UDBH6J9G;☑;
UDMJR6G9;☑;
UE8HCVNB;☑;
UEC9BCBG;☑;
UEL2RXM7;☑;
UENF6Y5C;☑;
UF3CHDUF;☑;
UFJHCDT7;☑;
UFJRI0YN;☑;
UFOKBOBL;☑;
UG1SRK0X;☑;
UGX8AVWG;☑;
UGYCP2JA;☑;
UH5GPGT4;☑;
UHDQJXBX;☑;
UHG655QS;☑;
UHPKXDSN;☑;
UHV4RFZA;☑;
UHVM8A6A;☑;
UHZC4W4S;☑;
UHZEQ7QS;☑;
UIND45HN;☑;
UJ3UP5SR;☑;
UJCYTBXE;☑;
UJD9CMGE;☑;
UJF63KP4;☑;
UJH694WW;☑;
UJJKDMTP;☑;
UJS9NPEN;☑;
UKG6PGH7;☑;
UL9LQHY2;☑;
ULQBXF62;☑;
ULXTRPWN;☑;
UMEM1T1X;☑;
UMQX9T3T;☑;
UN4ZWMU7;☑;
UN9USHNB;☑;
UNC6296J;☑;
UNKG77XJ;☑;
UNLURWDK;☑;
UNQ4CSZ3;☑;
UOS1F7HI;☑;
UP2LXA43;☑;
UPRYR4QX;☑;
UQ55V6AZ;☑;
UQ7XP8LF;☑;
UQC78CAR;☑;
UQCFRS8X;☑;
UQW8NCYX;☑;
URFB8UXS;☑;
URLFZD3F;☑;
URR8AA5S;☑;
US443KLF;☑;
USCDAE3W;☑;
USJBDLX9;☑;
USNMW6ED;☑;
UTKZ2A8N;☑;
UTUQSRX4;☑;
UUHJMGMT;☑;
UUKC3XH6;☑;
UULLNME1;☑;
UUQJVE35;☑;
UUQM3VR6;☑;
UUU4DNUT;☑;
UVR3ZLZ5;☑;
UW72PWLG;☑;
UW7EEOB3;☑;
UWLTCNL7;☑;
UWU8J92K;☑;
UWUECBQS;☑;
UWYU3GF7;☑;
UX6NE45M;☑;
UXG928PS;☑;
UXPTXSRK;☑;
UXUYW3TQ;☑;
UXZ8AGGN;☑;
UYNMCDTH;☑;
UYSB4ASU;☑;
UYT2AG9E;☑;
UYTMRUSX;☑;
UZ52XH83;☑;
UZCGE673;☑;
UZDV2PVE;☑;
UZEIHNI0;☑;
UZH94T5B;☑;
UZMFSLQD;☑;
UZXVBVRQ;☑;
UZXVTL4Y;☑;
V16VWBV5;☑;
V28ZL26H;☑;
V2EJK59U;☑;
V2FDC34L;☑;
V2GN5BZ4;☑;
V2NDGBMV;☑;
V2QK85L2;☑;
V2SKPCM4;☑;
V46RU593;☑;
V4BB5L1V;☑;
V4G2RPFY;☑;
V4HTJ6CQ;☑;
V4SLTSXP;☑;
V4TSZXIR;☑;
V54ITDPF;☑;
V5FVBP39;☑;
V5HFJD55;☑;
V5PU2UT6;☑;
V6DVBQYP;☑;
V6GR6BX5;☑;
V6PLQLQX;☑;
V6UKZQZ3;☑;
V7K2X655;☑;
V7NDQVWR;☑;
V7UCK3YF;☑;
V7WVKQRA;☑;
V8GUVQDS;☑;
V8JVZKVF;☑;
V8S2JQ93;☑;
V8SAL7ZY;☑;
V8SSAEY2;☑;
V8XIKZ3O;☑;
V98Y9P8S;☑;
V9DKFS54;☑;
V9UQ894C;☑;
V9V62X3U;☑;
VA4UX9Q6;☑;
VA97YSXP;☑;
VABW92DJ;☑;
VAFFY565;☑;
VB80M3TU;☑;
VB8ZQRFV;☑;
VBDL6ST7;☑;
VBH5HJTS;☑;
VBPJFZLW;☑;
VBR5P5MR;☑;
VC9TCMAB;☑;
VCJU0IMC;☑;
VD2GX9TT;☑;
VDD6NEDA;☑;
VDHPCJPR;☑;
VDU55T7D;☑;
VE9B3TL5;☑;
VEXRF7AB;☑;
VF8N8F2T;☑;
VFAGKP59;☑;
VFBT7UKV;☑;
VFEHKVXQ;☑;
VFGK4BHZ;☑;
VFRGM3FQ;☑;
VFTENPXH;☑;
VFUICP2B;☑;
VFYSU7KU;☑;
VG54LZ0L;☑;
VG58HQZT;☑;
VGCIT5KX;☑;
VGE2ZUU6;☑;
VGJQUWV5;☑;
VGQCFJT2;☑;
VH2K74DV;☑;
VH7EZKAZ;☑;
VH938MJN;☑;
VH9V7UF5;☑;
VHDWZT68;☑;
VHNT8XHC;☑;
VHXMVAD2;☑;
VHXRFSPA;☑;
VHYRTQFF;☑;
VJAUQDT3;☑;
VJHNI5Y9;☑;
VJKN7DI3;☑;
VJN7ZA6D;☑;
VJRR2UUW;☑;
VJUVHVYB;☑;
VJVWHNJF;☑;
VK48FE6S;☑;
VK6FTFH5;☑;
VKKYB9CR;☑;
VKRD6S8Y;☑;
VL5E4XZR;☑;
VLJHH3WK;☑;
VLSZ5PCB;☑;
VLTHSQ6X;☑;
VMAYC35P;☑;
VMBEVY3Q;☑;
VMKA4DKD;☑;
VMKQLC5F;☑;
VN5LPWGI;☑;
VNF3BA1H;☑;
VNFZPEK2;☑;
VNLMY8L3;☑;
VO202Q6U;☑;
VOC0X5TN;☑;
VP2YVF2D;☑;
VPABET3G;☑;
VPFTGM5J;☑;
VPRGVSTH;☑;
VQCG1G90;☑;
VQCY7439;☑;
VQE5MU9M;☑;
VQFX8FS5;☑;
VQMELRCN;☑;
VQNTKMHN;☑;
VQXY7UL7;☑;
VR46LAI6;☑;
VRU5ASGK;☑;
VRWZETC6;☑;
VS72KHTM;☑;
VSEB4WVR;☑;
VSFPSEZP;☑;
VSI66V88;☑;
VSU8JJDM;☑;
VSWQ13EZ;☑;
VT7IZWGO;☑;
VU2IP621;☑;
VU3KVLXY;☑;
VUENG8NC;☑;
VUFQVG5Q;☑;
VUYKSKQF;☑;
VVCC8FCA;☑;
VVFDC2W9;☑;
VVYLZ3H7;☑;
VW4KC3XL;☑;
VWHV38T3;☑;
VWT84WTH;☑;
VWZHH5LS;☑;
VXBF8HKY;☑;
VXLYYKZ2;☑;
VXVYPAPU;☑;
VY2C2MBM;☑;
VY2R9HR2;☑;
VY65RU2Q;☑;
VY9WAT5C;☑;
VYCTKPPP;☑;
VYHATHBG;☑;
VYN3PRXT;☑;
VYSQCHUW;☑;
VYUL68JQ;☑;
VYVEEG9G;☑;
VYXAUT6H;☑;
VYYS92HW;☑;
VZF75XSF;☑;
VZNWKK6L;☑;
W23AKLSW;☑;
W2FT8NXM;☑;
W2KY7WDQ;☑;
W2NRAFU9;☑;
W2TGMS28;☑;
W2Y3ZA0J;☑;
W3YSUZN7;☑;
W4FABYH4;☑;
W4H2K3VK;☑;
W4MGXZN6;☑;
W4X34W6H;☑;
W4Y43H44;☑;
W52RPPJZ;☑;
W5BF58WL;☑;
W5FZJSRV;☑;
W5J2CD4G;☑;
W6ES4BAN;☑;
W6NG9Y5A;☑;
W6NVGMQP;☑;
W74BPAEK;☑;
W75G69W9;☑;
W84VJ698;☑;
W84ZV5AA;☑;
W88TLMFN;☑;
W897ATBF;☑;
W8B8PFB4;☑;
W8HH2FGP;☑;
W8MLGEYV;☑;
W8T81OA0;☑;
W93554O7;☑;
W962J7HK;☑;
W9C9M9MR;☑;
W9EH6GGC;☑;
W9KA2N6T;☑;
W9Q4A3P4;☑;
WAY2NT4W;☑;
WB5C27PZ;☑;
WBDAPA6H;☑;
WBF5PWVX;☑;
WBJNYEL3;☑;
WBMWSPLF;☑;
WBV3V5P3;☑;
WC6OMQWL;☑;
WC9J9JKL;☑;
WCCYC97C;☑;
WCE7ZQE8;☑;
WCKVDBU8;☑;
WDEKPYTG;☑;
WDG3QPP4;☑;
WDKR2XWA;☑;
WDNVL8ER;☑;
WDQZVK1J;☑;
WDR8W4LR;☑;
WE2EBF48;☑;
WE65MW7C;☑;
WE97385L;☑;
WEBV9IXS;☑;
WEPHLVXM;☑;
WETESSK7;☑;
WF33ERTX;☑;
WF7V3DW4;☑;
WFL8U7EY;☑;
WFTZPLEJ;☑;
WFVC57K7;☑;
WFW65YTV;☑;
WFZDNV2W;☑;
WGH4ETGS;☑;
WGHL4UHN;☑;
WGRJL78Y;☑;
WGRQFWZQ;☑;
WGVPQCT5;☑;
WGZUYYGE;☑;
WHDPUJZS;☑;
WHL5T77H;☑;
WHNXI6JB;☑;
WHP95CKQ;☑;
WHWW8AHY;☑;
WJ9AH74C;☑;
WJEDB69N;☑;
WJGLL4R5;☑;
WJKNSYE3;☑;
WJT9ZTEY;☑;
WK4ZFVUA;☑;
WK8VWLTX;☑;
WKFVDM4C;☑;
WKH2SYGN;☑;
WKHNPCQW;☑;
WKJWT8KB;☑;
WKPMY6WX;☑;
WKQAXDXB;☑;
WLFX4ZTH;☑;
WLHGWBPC;☑;
WLUPB8CJ;☑;
WMDFYA63;☑;
WMXRJK5C;☑;
WMYFIMYE;☑;
WN3X2RLG;☑;
WNEYEUC8;☑;
WNKNJHZX;☑;
WNVVZZFS;☑;
WNWEQYJ8;☑;
WPXCU5LY;☑;
WQ77652V;☑;
WQB6X95H;☑;
WREBVZNR;☑;
WRF3P9ZP;☑;
WRRL9AV4;☑;
WRTYT2BG;☑;
WRUCXQ5T;☑;
WRVJLQAL;☑;
WRW8AQ6W;☑;
WS2TVW6X;☑;
WSCEBSP6;☑;
WSVBN7MH;☑;
WSVYFW5S;☑;
WT2JAPTZ;☑;
WTB3XZWU;☑;
WTXKPGG9;☑;
WU6BU8TH;☑;
WUAVTX25;☑;
WUCVGXR5;☑;
WUJNUAD8;☑;
WUSJADBC;☑;
WUXLZPZ0;☑;
WV6NX7X4;☑;
WV8SMRS3;☑;
WV944L8S;☑;
WVMFJVFY;☑;
WVVSSUZF;☑;
WVZSFHFM;☑;
WW539QAE;☑;
WWBPXOMH;☑;
WWCUNZ4F;☑;
WWNZ9GZQ;☑;
WWV0AQAX;☑;
WWW67V8E;☑;
WX47WTNF;☑;
WXLERMKM;☑;
WXPS3WYN;☑;
WXTJREYE;☑;
WXW0WI4H;☑;
WY5JC2DW;☑;
WY7SQNHQ;☑;
WYHM8BP8;☑;
WYHONOIN;☑;
WYL769CU;☑;
WYQ60SJD;☑;
WYVG71D8;☑;
WYYQPLB3;☑;
WZ8ZQKNC;☑;
WZQQEUC5;☑;
WZTZ2AEE;☑;
X24M2GB7;☑;
X2XB5EB8;☑;
X2Y8NTRJ;☑;
X3AVUWHY;☑;
X3GMVA1M;☑;
X3PW4VA6;☑;
X3Q2994A;☑;
X3QWAUEQ;☑;
X45NN8AA;☑;
X48QEYTX;☑;
X4CE1DY5;☑;
X4FVDP8L;☑;
X4KAPJEA;☑;
X4R8T95G;☑;
X4U5WZUS;☑;
X4YLFC2T;☑;
X4YQ0UZQ;☑;
X4YVB8MR;☑;
X5662VF2;☑;
X5ERQWTD;☑;
X5FU5EUV;☑;
X5SRPOSC;☑;
X5TZX6S6;☑;
X5WEEHMW;☑;
X5XT48SS;☑;
X5YDUWSF;☑;
X6QZLJDD;☑;
X76JQWPV;☑;
X79X2D32;☑;
X860LYO9;☑;
X8QU3TKD;☑;
X99WAZL8;☑;
X9BD9Z4W;☑;
X9CQPSW8;☑;
X9FUF4BW;☑;
X9K579MB;☑;
X9KB6264;☑;
X9XAELQZ;☑;
XAHS9T9B;☑;
XAJOU3UY;☑;
XALG653Y;☑;
XASWRKMX;☑;
XATCUK4R;☑;
XATV4DO8;☑;
XAVTE4LY;☑;
XAY8M6L4;☑;
XAZX7HZE;☑;
XB10O07I;☑;
XB2Y9EA3;☑;
XB9TOJEH;☑;
XBU7GPY9;☑;
XC7PJWE6;☑;
XC93DG3C;☑;
XCKD69XV;☑;
XCPXV9AT;☑;
XCZSH8H6;☑;
XDDDDBJH;☑;
XDNO8A23;☑;
XE25KV7F;☑;
XE7UPAUJ;☑;
XEKY7AVR;☑;
XF5UULHK;☑;
XF99PE7F;☑;
XFBRYZTW;☑;
XFDLP12K;☑;
XFG8EQWD;☑;
XGDDH3PM;☑;
XGDWGUJH;☑;
XGL25AIH;☑;
XGSZ6SUY;☑;
XGUYBEJN;☑;
XGZ4B7D4;☑;
XHE86X7R;☑;
XHGU9GTY;☑;
XHMS37T5;☑;
XHPV79DW;☑;
XHT5B24N;☑;
XHXSIXNY;☑;
XINP53W4;☑;
XJ9ZKJ5C;☑;
XJWW7AT8;☑;
XJXH6S7J;☑;
XK8K3329;☑;
XKJ3X5ZT;☑;
XKWDDXBI;☑;
XL2232RV;☑;
XL4NEFME;☑;
XLASFFMP;☑;
XLBQ7U7Z;☑;
XLE9W7ST;☑;
XLUC48JK;☑;
XM2KVZE2;☑;
XMRW5B6S;☑;
XMUYMGCR;☑;
XMWWJ5WQ;☑;
XNCH8R4Q;☑;
XNCXYVQ3;☑;
XND9SHQY;☑;
XNG6AQ7Y;☑;
XODRIRUA;☑;
XP4QYEXH;☑;
XPLDGP5H;☑;
XPUDNBJZ;☑;
XQ4TK4WB;☑;
XQ9SYJMN;☑;
XQBD8WC2;☑;
XQBSFJB4;☑;
XRBQRKQ9;☑;
XRD6T4H9;☑;
XRJ4TDRW;☑;
XRKJC365;☑;
XRLRMVGS;☑;
XRMEXWBF;☑;
XRW9QS6B;☑;
XS7I9ILG;☑;
XS93ZLXX;☑;
XSCCYM6M;☑;
XSH99MRV;☑;
XSICZN4X;☑;
XSWQCBVR;☑;
XTC2FKZY;☑;
XTMN4LMQ;☑;
XTQGAC9J;☑;
XTR5JNQ2;☑;
XTU7NBW4;☑;
XU4JTC4H;☑;
XU5F7SE6;☑;
XU7DAKLH;☑;
XUEEEYAD;☑;
XURYE7GS;☑;
XUZQZ9T4;☑;
XV3E5CC7;☑;
XVBZ35H5;☑;
XVN5ZN7V;☑;
XVNRX9TY;☑;
XVVU32JZ;☑;
XW2FXNNH;☑;
XW8UX9PN;☑;
XWDKXFS7;☑;
XWMXZK6B;☑;
XXERVLJM;☑;
XXL6GNZT;☑;
XXXS8FZZ;☑;
XXZ9BMY9;☑;
XYKEJB66;☑;
XZDA8UTM;☑;
Y24P5T2L;☑;
Y2C2US5U;☑;
Y2J8K3AR;☑;
Y2MFCB27;☑;
Y2UPBCDE;☑;
Y3APZPYV;☑;
Y3FSTL8Z;☑;
Y3L4GMCU;☑;
Y3TCYMUN;☑;
Y3VVJ35T;☑;
Y42S4HH7;☑;
Y45L4984;☑;
Y49VKAYP;☑;
Y4DSG74X;☑;
Y4RGDDYT;☑;
Y4SYT7MX;☑;
Y52V7KQW;☑;
Y5MWEO0P;☑;
Y5TH8Y6W;☑;
Y5WXULPY;☑;
Y62LSY4B;☑;
Y6RCM97B;☑;
Y6SYNZ6V;☑;
Y6Y3GATX;☑;
Y7BPAHIF;☑;
Y7QQB9MG;☑;
Y7RYBY2P;☑;
Y7VLMA2A;☑;
Y82BGFCH;☑;
Y897AHY9;☑;
Y8PBDL9N;☑;
Y8TYWA54;☑;
Y98YRZCK;☑;
Y9RUXVTJ;☑;
Y9VPJJNF;☑;
Y9W5KN48;☑;
Y9Z5H1HJ;☑;
YA1IJ0U5;☑;
YA469UJD;☑;
YABYRT9R;☑;
YABZ4X9H;☑;
YAFWNBMM;☑;
YAPQBR2L;☑;
YAX8VTJN;☑;
YB3KRYE9;☑;
YB6DRSEL;☑;
YB79RFU1;☑;
YBJ0IAHG;☑;
YBZEX2KH;☑;
YCCQH6SC;☑;
YCT3PKHJ;☑;
YCZ5SDPE;☑;
YD70VAD3;☑;
YDP9DJ9R;☑;
YDUNZLM4;☑;
YE39973H;☑;
YE9A4KLV;☑;
YEJ6SMPB;☑;
YEPPUWBS;☑;
YETPAMAQ;☑;
YF44WNG3;☑;
YFDHNVTZ;☑;
YFEI4IRV;☑;
YFL7PECW;☑;
YFM4QCL5;☑;
YFTJU82F;☑;
YFZU38TM;☑;
YG4A4DQU;☑;
YG7HG6S9;☑;
YGC5FHNQ;☑;
YGCD67GH;☑;
YGVDJMF4;☑;
YGW287EV;☑;
YHCDZ5CZ;☑;
YHHLVULT;☑;
YHKX3TU8;☑;
YIWJ3BI8;☑;
YJA5J3J3;☑;
YJCM4KUZ;☑;
YJCVA7ZQ;☑;
YJKXEYRF;☑;
YJUKT42G;☑;
YK26FD8Z;☑;
YK5H7S47;☑;
YK75QZBF;☑;
YK7STW3K;☑;
YKEH9CYD;☑;
YKJXAJCU;☑;
YKL9XVTV;☑;
YKWLFDZ8;☑;
YL4UVPNG;☑;
YL9E3Z8A;☑;
YLAG6WMZ;☑;
YLQDHJY5;☑;
YLUP9ZHF;☑;
YLZSH8BN;☑;
YMXH4CVS;☑;
YNBPKCY7;☑;
YNNLG6UH;☑;
YNTIMKSX;☑;
YPS73MRM;☑;
YPX8YVQU;☑;
YQTT5555;☑;
YQW2W5RC;☑;
YQXHYUMX;☑;
YR8EHZR5;☑;
YREKQDVM;☑;
YRH1UUB8;☑;
YRJCMSJA;☑;
YSHSG5YB;☑;
YSHVMSD7;☑;
YSP5WZKS;☑;
YSR16KQG;☑;
YSWW72QQ;☑;
YSZUJ96N;☑;
YU7R94RP;☑;
YUBUCYF5;☑;
YUCUE883;☑;
YUKFNDM5;☑;
YUT2PKCN;☑;
YUWZAC7K;☑;
YV3GXS55;☑;
YV4J5TFH;☑;
YVC2GXCP;☑;
YVC6AOST;☑;
YVSH8A8E;☑;
YVWBVA6M;☑;
YVYP5E82;☑;
YWGBXCY4;☑;
YWMV6MJV;☑;
YWYL25UI;☑;
YX28XJKY;☑;
YXPG39FJ;☑;
YXY9K34D;☑;
YY88PDXZ;☑;
YYFCPAU5;☑;
YYNG2WFD;☑;
YZ2CEZYZ;☑;
YZM47NKU;☑;
YZZBMWEL;☑;
Z1L5O7HC;☑;
Z1UYTKDD;☑;
Z27RVU9Z;☑;
Z29Y7HEE;☑;
Z2NDLEZR;☑;
Z2Q6CZBT;☑;
Z2SCAGQ6;☑;
Z37Y2FT2;☑;
Z3ABE1G4;☑;
Z3BNZVT3;☑;
Z3FJ5JLJ;☑;
Z3FSCP8M;☑;
Z3NGHSQH;☑;
Z3WCVMF0;☑;
Z4493RGR;☑;
Z45L3V4H;☑;
Z4E7RKLA;☑;
Z4G6CDQB;☑;
Z4TLEZ8A;☑;
Z4UT1757;☑;
Z527EEWW;☑;
Z57JRC78;☑;
Z5C3LS9L;☑;
Z5C86DP8;☑;
Z5NCSMZA;☑;
Z5PENK5Y;☑;
Z5R4QR46;☑;
Z5VSLXLX;☑;
Z5W1KPUO;☑;
Z5ZQDSPC;☑;
Z6CSB7V7;☑;
Z6EPPZFP;☑;
Z6ND24QP;☑;
Z6RNWUG2;☑;
Z6Z6BA5N;☑;
Z74B2LCC;☑;
Z7NLKKYK;☑;
Z7NYK5T6;☑;
Z7Z2UDW9;☑;
Z8KBD4UR;☑;
Z8XQEWP8;☑;
Z95S973X;☑;
Z98K26BT;☑;
Z9GZGL3N;☑;
Z9HF3LRZ;☑;
Z9JZ25GJ;☑;
Z9M4J5QD;☑;
Z9PZSSG5;☑;
Z9TLD579;☑;
ZA43FCQ5;☑;
ZA5GDG4S;☑;
ZA9CH7ZX;☑;
ZAB23KUE;☑;
ZAHEL2V3;☑;
ZAYTAGK8;☑;
ZB9T8EUC;☑;
ZBDFQP56;☑;
ZBERQVXC;☑;
ZBGSDL7F;☑;
ZBSMFYYY;☑;
ZBYVTAAL;☑;
ZCB8JUQ8;☑;
ZCC3YB3R;☑;
ZCG3MGW7;☑;
ZCKJXUCA;☑;
ZCSRPHHE;☑;
ZCTYDZEH;☑;
ZCYQAX6T;☑;
ZD7GF3JC;☑;
ZDATAXML;☑;
ZDB2U2CT;☑;
ZDHMSFVG;☑;
ZDU6GG9A;☑;
ZDZMVLQN;☑;
ZE8D32SZ;☑;
ZE8KVSCT;☑;
ZEMBJLUD;☑;
ZESHHV22;☑;
ZEVENEUB;☑;
ZF5RH2TT;☑;
ZFD5S6BP;☑;
ZFS5BANN;☑;
ZFUF2MMK;☑;
ZFWWQMVB;☑;
ZGDZYQWD;☑;
ZGL17IXG;☑;
ZGOYX1QR;☑;
ZGW6TL8D;☑;
ZGWW2ZA2;☑;
ZHDRS6UF;☑;
ZIFUMYQ1;☑;
ZJATCNRS;☑;
ZJMXUWDZ;☑;
ZJXPJWQX;☑;
ZKF3TZAA;☑;
ZKWEWZ7H;☑;
ZL7QUHEY;☑;
ZLEX8K78;☑;
ZLFPPYPC;☑;
ZLV35ZLZ;☑;
ZM2SL832;☑;
ZMCDGEUI;☑;
ZMG3MAQE;☑;
ZMMT97CP;☑;
ZMRWX2TS;☑;
ZMXGLOXT;☑;
ZN9BG338;☑;
ZNPQMFM9;☑;
ZOBDUHYT;☑;
ZOZ5GQ7X;☑;
ZOZPKK3V;☑;
ZPUEG8XD;☑;
ZPVDHRCM;☑;
ZPWHKJNN;☑;
ZPZJYMXU;☑;
ZQ2GKEMY;☑;
ZQ4EGWZQ;☑;
ZQ9FSQVM;☑;
ZQCZNPFF;☑;
ZQD2XQWC;☑;
ZQDQMK9A;☑;
ZQS9FQD7;☑;
ZQTVVJAE;☑;
ZQXF6RDM;☑;
ZRARSA92;☑;
ZRKUDK2V;☑;
ZROMYUQS;☑;
ZRP49ITR;☑;
ZRUDFZPT;☑;
ZRWW3RLB;☑;
ZS5RFQTC;☑;
ZS5WDMTL;☑;
ZS8AJVQQ;☑;
ZS8HK2AA;☑;
ZSMZWGED;☑;
ZSQDTF44;☑;
ZSRTAUQ9;☑;
ZSYXJCRZ;☑;
ZT63NA8C;☑;
ZT8T7VEF;☑;
ZTJ4GABR;☑;
ZTKLHVM7;☑;
ZTMLLV3T;☑;
ZTUGELD6;☑;
ZTYEWBGG;☑;
ZU6HJMPV;☑;
ZUGIQ8NV;☑;
ZUKMPD74;☑;
ZUSE64CT;☑;
ZV3YCC97;☑;
ZV58RM23;☑;
ZV8YQVXD;☑;
ZVD668G9;☑;
ZVENQ3TE;☑;
ZVTZVK3V;☑;
ZVZZRYPG;☑;
ZW3OY9O7;☑;
ZWMSP7QD;☑;
ZWQ2BGMM;☑;
ZWUZ84JU;☑;
ZX6YJJVU;☑;
ZXMS7KCB;☑;
ZXRUJUUS;☑;
ZXV96ASB;☑;
ZXXVCM7W;☑;
ZYAELG43;☑;
ZYAW3KMF;☑;
ZYEZKGV6;☑;
ZYHG8T8V;☑;
ZZ7LJPAJ;☑;
ZZBWLRQX;☑;
ZZCGEXLA;☑;
ZZXUH85K;☑;
